year;gesamt;war_weapons;country_e;iso3_code
2000-01-01;0;0;Afghanistan;AFG
2000-01-01;137896;0;Albania;ALB
2000-01-01;202509;0;Algeria;DZA
2000-01-01;0;0;Angola;AGO
2000-01-01;0;0;Antigua and Barbuda;ATG
2000-01-01;1246479;0;Argentina;ARG
2000-01-01;0;0;Armenia;ARM
2000-01-01;12626559;0;Australia;AUS
2000-01-01;44778631;0;Austria;AUT
2000-01-01;0;0;Azerbaijan;AZE
2000-01-01;0;0;Bahamas;BHS
2000-01-01;1836513;0;Bahrain;BHR
2000-01-01;663893;0;Bangladesh;BGD
2000-01-01;0;0;Barbados;BRB
2000-01-01;7219;0;Belarus;BLR
2000-01-01;28588810;0;Belgium;BEL
2000-01-01;0;0;Belize;BLZ
2000-01-01;0;0;Benin;BEN
2000-01-01;0;0;Bhutan;BTN
2000-01-01;39505;0;Bolivia;BOL
2000-01-01;0;0;Bosnia and Herzegovina;BIH
2000-01-01;278405;0;Botswana;BWA
2000-01-01;23678495;0;Brazil;BRA
2000-01-01;3700575;0;Brunei Darussalam;BRN
2000-01-01;1475622;0;Bulgaria;BGR
2000-01-01;2638;0;Burkina Faso;BFA
2000-01-01;0;0;Burundi;BDI
2000-01-01;0;0;Cambodia;KHM
2000-01-01;0;0;Cameroon;CMR
2000-01-01;22474471;23519427;Canada;CAN
2000-01-01;0;0;Cape Verde;CPV
2000-01-01;0;0;Central African Republic;CAF
2000-01-01;0;0;Chad;TCD
2000-01-01;24564125;0;Chile;CHL
2000-01-01;1426150;0;China;CHN
2000-01-01;3091978;0;Colombia;COL
2000-01-01;0;0;Congo, DR;COD
2000-01-01;0;0;Congo, Rep.;COG
2000-01-01;8868;0;Costa Rica;CRI
2000-01-01;0;0;Côte d`Ivoire;CIV
2000-01-01;490288;0;Croatia;HRV
2000-01-01;0;0;Cuba;CUB
2000-01-01;120102;0;Cyprus;CYP
2000-01-01;4764046;0;Czech Republic;CZE
2000-01-01;87957275;0;Denmark;DNK
2000-01-01;0;0;Djibouti;DJI
2000-01-01;8833;0;Dominican Republic;DOM
2000-01-01;173128;0;Ecuador;ECU
2000-01-01;9491651;0;Egypt;EGY
2000-01-01;1712;0;El Salvador;SLV
2000-01-01;0;0;Equatorial Guinea;GNQ
2000-01-01;0;0;Eritrea;ERI
2000-01-01;956907;0;Estonia;EST
2000-01-01;0;0;Ethiopia;ETH
2000-01-01;0;0;Fiji;FJI
2000-01-01;14039347;0;Finland;FIN
2000-01-01;115047137;0;France;FRA
2000-01-01;4627;0;Gabon;GAB
2000-01-01;0;0;Gambia;GMB
2000-01-01;131618;0;Georgia;GEO
2000-01-01;0;0;Germany;DEU
2000-01-01;7771;0;Ghana;GHA
2000-01-01;232862903;0;Greece;GRC
2000-01-01;0;0;Guatemala;GTM
2000-01-01;0;0;Guinea;GIN
2000-01-01;6233;0;Guinea-Bissau;GNB
2000-01-01;27563;0;Guyana;GUY
2000-01-01;0;0;Haiti;HTI
2000-01-01;0;0;Honduras;HND
2000-01-01;2740671;0;Hungary;HUN
2000-01-01;42452;0;Iceland;ISL
2000-01-01;32424472;0;India;IND
2000-01-01;28107;0;Indonesia;IDN
2000-01-01;0;0;Iran;IRN
2000-01-01;0;0;Iraq;IRQ
2000-01-01;7535254;0;Ireland;IRL
2000-01-01;177111200;177418283;Israel;ISR
2000-01-01;182616880;24542010;Italy;ITA
2000-01-01;0;0;Jamaica;JAM
2000-01-01;12009591;0;Japan;JPN
2000-01-01;314508;0;Jordan;JOR
2000-01-01;155873;0;Kazakhstan;KAZ
2000-01-01;25921;0;Kenya;KEN
2000-01-01;0;0;Korea, Dem. Rep.;PRK
2000-01-01;129721500;42948518;Korea, Rep.;KOR
2000-01-01;1581088;0;Kuwait;KWT
2000-01-01;8304;0;Kyrgyzstan;KGZ
2000-01-01;0;0;Lao PR;LAO
2000-01-01;974837;0;Latvia;LVA
2000-01-01;2697;0;Lebanon;LBN
2000-01-01;0;0;Lesotho;LSO
2000-01-01;0;0;Liberia;LBR
2000-01-01;333160;0;Libya;LBY
2000-01-01;1394880;0;Lithuania;LTU
2000-01-01;3288365;0;Luxembourg;LUX
2000-01-01;2209;0;Macedonia;MKD
2000-01-01;235;0;Madagascar;MDG
2000-01-01;0;0;Malawi;MWI
2000-01-01;3160943;0;Malaysia;MYS
2000-01-01;0;0;Maldives;MDV
2000-01-01;0;0;Mali;MLI
2000-01-01;87479;0;Malta;MLT
2000-01-01;0;0;Mauritania;MRT
2000-01-01;3579;0;Mauritius;MUS
2000-01-01;58945;0;Mexico;MEX
2000-01-01;1887;0;Moldova;MDA
2000-01-01;20495;0;Mongolia;MNG
2000-01-01;0;0;Montenegro;MNE
2000-01-01;2936748;0;Morocco;MAR
2000-01-01;0;0;Mozambique;MOZ
2000-01-01;0;0;Myanmar;MMR
2000-01-01;97239;0;Namibia;NAM
2000-01-01;370935;0;Nepal;NPL
2000-01-01;31702934;193268331;Netherlands;NLD
2000-01-01;1324088;0;New Zealand;NZL
2000-01-01;256157;0;Nicaragua;NIC
2000-01-01;0;0;Niger;NER
2000-01-01;0;0;Nigeria;NGA
2000-01-01;17049092;20451675;Norway;NOR
2000-01-01;926079;0;Oman;OMN
2000-01-01;7261;0;Pakistan;PAK
2000-01-01;16888;0;Panama;PAN
2000-01-01;0;0;Papua New Guinea;PNG
2000-01-01;1715;0;Paraguay;PRY
2000-01-01;1703078;0;Peru;PER
2000-01-01;205;0;Philippines;PHL
2000-01-01;9304340;0;Poland;POL
2000-01-01;6005428;0;Portugal;PRT
2000-01-01;183944;0;Qatar;QAT
2000-01-01;582339;0;Romania;ROU
2000-01-01;1739737;0;Russian Federation;RUS
2000-01-01;0;0;Rwanda;RWA
2000-01-01;37200271;0;Saudi Arabia;SAU
2000-01-01;0;0;Senegal;SEN
2000-01-01;0;0;Serbia;SRB
2000-01-01;0;0;Seychelles;SYC
2000-01-01;0;0;Sierra Leone;SLE
2000-01-01;38010603;0;Singapore;SGP
2000-01-01;664254;0;Slovakia;SVK
2000-01-01;972301;0;Slovenia;SVN
2000-01-01;0;0;Somalia;SOM
2000-01-01;7972120;0;South Africa;ZAF
2000-01-01;206663252;26075886;Spain;ESP
2000-01-01;8282;0;Sri Lanka;LKA
2000-01-01;0;0;Sudan;SDN
2000-01-01;0;0;Suriname;SUR
2000-01-01;0;0;Swaziland;SWZ
2000-01-01;90514804;0;Sweden;SWE
2000-01-01;159845024;33745264;Switzerland;CHE
2000-01-01;0;0;Syrian Arab Republic;SYR
2000-01-01;14541324;0;Taiwan;TWN
2000-01-01;0;0;Tajikistan;TJK
2000-01-01;67172;0;Tanzania;TZA
2000-01-01;38898480;0;Thailand;THA
2000-01-01;0;0;"Timor-Leste
";TLS
2000-01-01;0;0;Togo;TGO
2000-01-01;10231;0;Trinidad and Tobago;TTO
2000-01-01;644081;0;Tunisia;TUN
2000-01-01;260809634;18406508;Turkey;TUR
2000-01-01;0;0;Turkmenistan;TKM
2000-01-01;4090;0;Uganda;UGA
2000-01-01;1561791;0;Ukraine;UKR
2000-01-01;23690714;0;United Arab Emirates;ARE
2000-01-01;232151161;16872632;United Kingdom;GBR
2000-01-01;457855731;0;United States;USA
2000-01-01;94439;0;Uruguay;URY
2000-01-01;3346474;0;Uzbekistan;UZB
2000-01-01;637888;0;Venezuela;VEN
2000-01-01;174862;0;Viet Nam;VNM
2000-01-01;639496;0;Yemen;YEM
2000-01-01;90515;0;Zambia;ZMB
2000-01-01;35203;0;Zimbabwe;ZWE
2001-01-01;0;0;Afghanistan;AFG
2001-01-01;0;0;Albania;ALB
2001-01-01;742336;0;Algeria;DZA
2001-01-01;0;0;Angola;AGO
2001-01-01;0;0;Antigua and Barbuda;ATG
2001-01-01;2286540;0;Argentina;ARG
2001-01-01;0;0;Armenia;ARM
2001-01-01;54679531;0;Australia;AUS
2001-01-01;50219103;0;Austria;AUT
2001-01-01;0;0;Azerbaijan;AZE
2001-01-01;0;0;Bahamas;BHS
2001-01-01;689374;0;Bahrain;BHR
2001-01-01;173844;0;Bangladesh;BGD
2001-01-01;0;0;Barbados;BRB
2001-01-01;1610;0;Belarus;BLR
2001-01-01;61256489;0;Belgium;BEL
2001-01-01;2370;0;Belize;BLZ
2001-01-01;0;0;Benin;BEN
2001-01-01;856;0;Bhutan;BTN
2001-01-01;1255;0;Bolivia;BOL
2001-01-01;0;0;Bosnia and Herzegovina;BIH
2001-01-01;309015;0;Botswana;BWA
2001-01-01;9928344;0;Brazil;BRA
2001-01-01;347658;0;Brunei Darussalam;BRN
2001-01-01;1269600;0;Bulgaria;BGR
2001-01-01;0;0;Burkina Faso;BFA
2001-01-01;0;0;Burundi;BDI
2001-01-01;0;0;Cambodia;KHM
2001-01-01;2163;0;Cameroon;CMR
2001-01-01;44141490;0;Canada;CAN
2001-01-01;0;0;Cape Verde;CPV
2001-01-01;0;0;Central African Republic;CAF
2001-01-01;0;0;Chad;TCD
2001-01-01;12252678;0;Chile;CHL
2001-01-01;96411;0;China;CHN
2001-01-01;8935374;0;Colombia;COL
2001-01-01;7107;0;Congo, DR;COD
2001-01-01;0;0;Congo, Rep.;COG
2001-01-01;11851;0;Costa Rica;CRI
2001-01-01;0;0;Côte d`Ivoire;CIV
2001-01-01;261630;0;Croatia;HRV
2001-01-01;0;0;Cuba;CUB
2001-01-01;340843;0;Cyprus;CYP
2001-01-01;5066802;0;Czech Republic;CZE
2001-01-01;71171589;0;Denmark;DNK
2001-01-01;0;0;Djibouti;DJI
2001-01-01;97326;0;Dominican Republic;DOM
2001-01-01;982527;0;Ecuador;ECU
2001-01-01;15587924;0;Egypt;EGY
2001-01-01;0;0;El Salvador;SLV
2001-01-01;0;0;Equatorial Guinea;GNQ
2001-01-01;0;0;Eritrea;ERI
2001-01-01;28079587;0;Estonia;EST
2001-01-01;1329;0;Ethiopia;ETH
2001-01-01;0;0;Fiji;FJI
2001-01-01;19375809;0;Finland;FIN
2001-01-01;69314987;13293589;France;FRA
2001-01-01;660431;0;Gabon;GAB
2001-01-01;0;0;Gambia;GMB
2001-01-01;840608;0;Georgia;GEO
2001-01-01;0;0;Germany;DEU
2001-01-01;0;0;Ghana;GHA
2001-01-01;347523044;38346891;Greece;GRC
2001-01-01;0;0;Guatemala;GTM
2001-01-01;0;0;Guinea;GIN
2001-01-01;0;0;Guinea-Bissau;GNB
2001-01-01;20230;0;Guyana;GUY
2001-01-01;0;0;Haiti;HTI
2001-01-01;0;0;Honduras;HND
2001-01-01;5294949;0;Hungary;HUN
2001-01-01;56534;0;Iceland;ISL
2001-01-01;5806742;0;India;IND
2001-01-01;1037328;0;Indonesia;IDN
2001-01-01;26;0;Iran;IRN
2001-01-01;0;0;Iraq;IRQ
2001-01-01;3090498;0;Ireland;IRL
2001-01-01;36511189;14316173;Israel;ISR
2001-01-01;220748971;21985551;Italy;ITA
2001-01-01;12172;0;Jamaica;JAM
2001-01-01;14851909;0;Japan;JPN
2001-01-01;28421;0;Jordan;JOR
2001-01-01;1284909;0;Kazakhstan;KAZ
2001-01-01;110011;0;Kenya;KEN
2001-01-01;0;0;Korea, Dem. Rep.;PRK
2001-01-01;930099993;0;Korea, Rep.;KOR
2001-01-01;2139912;0;Kuwait;KWT
2001-01-01;0;0;Kyrgyzstan;KGZ
2001-01-01;0;0;Lao PR;LAO
2001-01-01;661864;0;Latvia;LVA
2001-01-01;533;0;Lebanon;LBN
2001-01-01;0;0;Lesotho;LSO
2001-01-01;0;0;Liberia;LBR
2001-01-01;0;0;Libya;LBY
2001-01-01;4647666;0;Lithuania;LTU
2001-01-01;5554067;0;Luxembourg;LUX
2001-01-01;1279;0;Macedonia;MKD
2001-01-01;0;0;Madagascar;MDG
2001-01-01;8583;0;Malawi;MWI
2001-01-01;22200286;0;Malaysia;MYS
2001-01-01;0;0;Maldives;MDV
2001-01-01;0;0;Mali;MLI
2001-01-01;96271;0;Malta;MLT
2001-01-01;0;0;Mauritania;MRT
2001-01-01;2045;0;Mauritius;MUS
2001-01-01;1275297;0;Mexico;MEX
2001-01-01;993;0;Moldova;MDA
2001-01-01;16815;0;Mongolia;MNG
2001-01-01;0;0;Montenegro;MNE
2001-01-01;237563;0;Morocco;MAR
2001-01-01;0;0;Mozambique;MOZ
2001-01-01;0;0;Myanmar;MMR
2001-01-01;132883;0;Namibia;NAM
2001-01-01;376836;0;Nepal;NPL
2001-01-01;157090821;50617896;Netherlands;NLD
2001-01-01;1792363;0;New Zealand;NZL
2001-01-01;0;0;Nicaragua;NIC
2001-01-01;0;0;Niger;NER
2001-01-01;1533876;0;Nigeria;NGA
2001-01-01;20419080;0;Norway;NOR
2001-01-01;15413628;0;Oman;OMN
2001-01-01;2540;0;Pakistan;PAK
2001-01-01;0;0;Panama;PAN
2001-01-01;581;0;Papua New Guinea;PNG
2001-01-01;409;0;Paraguay;PRY
2001-01-01;23455;0;Peru;PER
2001-01-01;2897;0;Philippines;PHL
2001-01-01;7539281;0;Poland;POL
2001-01-01;37735736;0;Portugal;PRT
2001-01-01;2448484;0;Qatar;QAT
2001-01-01;12070778;0;Romania;ROU
2001-01-01;4771553;0;Russian Federation;RUS
2001-01-01;409034;0;Rwanda;RWA
2001-01-01;38222922;0;Saudi Arabia;SAU
2001-01-01;0;0;Senegal;SEN
2001-01-01;0;0;Serbia;SRB
2001-01-01;0;0;Seychelles;SYC
2001-01-01;0;0;Sierra Leone;SLE
2001-01-01;85508166;0;Singapore;SGP
2001-01-01;4004435;0;Slovakia;SVK
2001-01-01;18590229;0;Slovenia;SVN
2001-01-01;11760;0;Somalia;SOM
2001-01-01;5286789;0;South Africa;ZAF
2001-01-01;76770812;19940383;Spain;ESP
2001-01-01;0;0;Sri Lanka;LKA
2001-01-01;0;0;Sudan;SDN
2001-01-01;0;0;Suriname;SUR
2001-01-01;0;0;Swaziland;SWZ
2001-01-01;91968873;0;Sweden;SWE
2001-01-01;119708567;20962967;Switzerland;CHE
2001-01-01;0;0;Syrian Arab Republic;SYR
2001-01-01;12033057;0;Taiwan;TWN
2001-01-01;0;0;Tajikistan;TJK
2001-01-01;63991;0;Tanzania;TZA
2001-01-01;6260516;0;Thailand;THA
2001-01-01;192000;0;"Timor-Leste
";TLS
2001-01-01;0;0;Togo;TGO
2001-01-01;26004;0;Trinidad and Tobago;TTO
2001-01-01;29801;0;Tunisia;TUN
2001-01-01;167340351;15338756;Turkey;TUR
2001-01-01;19396;0;Turkmenistan;TKM
2001-01-01;0;0;Uganda;UGA
2001-01-01;1131111;0;Ukraine;UKR
2001-01-01;43094884;0;United Arab Emirates;ARE
2001-01-01;117844591;58287274;United Kingdom;GBR
2001-01-01;566827770;33745264;United States;USA
2001-01-01;18168;0;Uruguay;URY
2001-01-01;114650;0;Uzbekistan;UZB
2001-01-01;163230;0;Venezuela;VEN
2001-01-01;5775;0;Viet Nam;VNM
2001-01-01;3080212;0;Yemen;YEM
2001-01-01;74505;0;Zambia;ZMB
2001-01-01;10700;0;Zimbabwe;ZWE
2002-01-01;1102858;0;Afghanistan;AFG
2002-01-01;0;0;Albania;ALB
2002-01-01;10531794;0;Algeria;DZA
2002-01-01;44994;0;Angola;AGO
2002-01-01;0;0;Antigua and Barbuda;ATG
2002-01-01;7342593;0;Argentina;ARG
2002-01-01;0;0;Armenia;ARM
2002-01-01;116493085;0;Australia;AUS
2002-01-01;16972803;0;Austria;AUT
2002-01-01;256812;0;Azerbaijan;AZE
2002-01-01;0;0;Bahamas;BHS
2002-01-01;5739;0;Bahrain;BHR
2002-01-01;721558;0;Bangladesh;BGD
2002-01-01;488;0;Barbados;BRB
2002-01-01;361629;0;Belarus;BLR
2002-01-01;51099079;0;Belgium;BEL
2002-01-01;2156;0;Belize;BLZ
2002-01-01;946;0;Benin;BEN
2002-01-01;0;0;Bhutan;BTN
2002-01-01;6824;0;Bolivia;BOL
2002-01-01;15750;0;Bosnia and Herzegovina;BIH
2002-01-01;1536955;0;Botswana;BWA
2002-01-01;23780355;0;Brazil;BRA
2002-01-01;313168;0;Brunei Darussalam;BRN
2002-01-01;511977;0;Bulgaria;BGR
2002-01-01;0;0;Burkina Faso;BFA
2002-01-01;0;0;Burundi;BDI
2002-01-01;0;0;Cambodia;KHM
2002-01-01;0;0;Cameroon;CMR
2002-01-01;30091278;0;Canada;CAN
2002-01-01;0;0;Cape Verde;CPV
2002-01-01;0;0;Central African Republic;CAF
2002-01-01;0;0;Chad;TCD
2002-01-01;18608428;0;Chile;CHL
2002-01-01;10;0;China;CHN
2002-01-01;3000000;0;Colombia;COL
2002-01-01;2301;0;Congo, DR;COD
2002-01-01;0;0;Congo, Rep.;COG
2002-01-01;5450;0;Costa Rica;CRI
2002-01-01;883;0;Côte d`Ivoire;CIV
2002-01-01;687708;0;Croatia;HRV
2002-01-01;0;0;Cuba;CUB
2002-01-01;2399;0;Cyprus;CYP
2002-01-01;8932178;0;Czech Republic;CZE
2002-01-01;95245945;29400000;Denmark;DNK
2002-01-01;0;0;Djibouti;DJI
2002-01-01;0;0;Dominican Republic;DOM
2002-01-01;441376;0;Ecuador;ECU
2002-01-01;12583495;0;Egypt;EGY
2002-01-01;1200;0;El Salvador;SLV
2002-01-01;0;0;Equatorial Guinea;GNQ
2002-01-01;110830;0;Eritrea;ERI
2002-01-01;851922;0;Estonia;EST
2002-01-01;1790;0;Ethiopia;ETH
2002-01-01;0;0;Fiji;FJI
2002-01-01;43109288;0;Finland;FIN
2002-01-01;105459621;19200000;France;FRA
2002-01-01;740;0;Gabon;GAB
2002-01-01;0;0;Gambia;GMB
2002-01-01;15000;0;Georgia;GEO
2002-01-01;0;0;Germany;DEU
2002-01-01;1016572;0;Ghana;GHA
2002-01-01;266202434;23800000;Greece;GRC
2002-01-01;0;0;Guatemala;GTM
2002-01-01;0;0;Guinea;GIN
2002-01-01;0;0;Guinea-Bissau;GNB
2002-01-01;0;0;Guyana;GUY
2002-01-01;225650;0;Haiti;HTI
2002-01-01;1005;0;Honduras;HND
2002-01-01;9531678;0;Hungary;HUN
2002-01-01;33675;0;Iceland;ISL
2002-01-01;106084562;0;India;IND
2002-01-01;225444;0;Indonesia;IDN
2002-01-01;0;0;Iran;IRN
2002-01-01;0;0;Iraq;IRQ
2002-01-01;3231193;0;Ireland;IRL
2002-01-01;159988679;0;Israel;ISR
2002-01-01;78591950;51300000;Italy;ITA
2002-01-01;892;0;Jamaica;JAM
2002-01-01;13022441;0;Japan;JPN
2002-01-01;156313;0;Jordan;JOR
2002-01-01;1062824;0;Kazakhstan;KAZ
2002-01-01;11550;0;Kenya;KEN
2002-01-01;0;0;Korea, Dem. Rep.;PRK
2002-01-01;83521584;0;Korea, Rep.;KOR
2002-01-01;1691225;0;Kuwait;KWT
2002-01-01;2850;0;Kyrgyzstan;KGZ
2002-01-01;812;0;Lao PR;LAO
2002-01-01;2092388;0;Latvia;LVA
2002-01-01;0;0;Lebanon;LBN
2002-01-01;0;0;Lesotho;LSO
2002-01-01;0;0;Liberia;LBR
2002-01-01;0;0;Libya;LBY
2002-01-01;25681410;0;Lithuania;LTU
2002-01-01;6838338;0;Luxembourg;LUX
2002-01-01;4200;0;Macedonia;MKD
2002-01-01;0;0;Madagascar;MDG
2002-01-01;2368;0;Malawi;MWI
2002-01-01;23048778;0;Malaysia;MYS
2002-01-01;32380;0;Maldives;MDV
2002-01-01;0;0;Mali;MLI
2002-01-01;5710;0;Malta;MLT
2002-01-01;0;0;Mauritania;MRT
2002-01-01;0;0;Mauritius;MUS
2002-01-01;1433958;0;Mexico;MEX
2002-01-01;587;0;Moldova;MDA
2002-01-01;27541;0;Mongolia;MNG
2002-01-01;0;0;Montenegro;MNE
2002-01-01;4547014;0;Morocco;MAR
2002-01-01;0;0;Mozambique;MOZ
2002-01-01;0;0;Myanmar;MMR
2002-01-01;329498;0;Namibia;NAM
2002-01-01;482365;0;Nepal;NPL
2002-01-01;219665094;63700000;Netherlands;NLD
2002-01-01;3258284;0;New Zealand;NZL
2002-01-01;0;0;Nicaragua;NIC
2002-01-01;0;0;Niger;NER
2002-01-01;1675910;0;Nigeria;NGA
2002-01-01;30034055;0;Norway;NOR
2002-01-01;2175008;0;Oman;OMN
2002-01-01;225000;0;Pakistan;PAK
2002-01-01;0;0;Panama;PAN
2002-01-01;575;0;Papua New Guinea;PNG
2002-01-01;0;0;Paraguay;PRY
2002-01-01;2035464;0;Peru;PER
2002-01-01;383785;0;Philippines;PHL
2002-01-01;49949818;0;Poland;POL
2002-01-01;7738263;0;Portugal;PRT
2002-01-01;398643;0;Qatar;QAT
2002-01-01;1121985;0;Romania;ROU
2002-01-01;7718091;0;Russian Federation;RUS
2002-01-01;0;0;Rwanda;RWA
2002-01-01;26522870;0;Saudi Arabia;SAU
2002-01-01;3190;0;Senegal;SEN
2002-01-01;0;0;Serbia;SRB
2002-01-01;0;0;Seychelles;SYC
2002-01-01;0;0;Sierra Leone;SLE
2002-01-01;96136733;0;Singapore;SGP
2002-01-01;2476414;0;Slovakia;SVK
2002-01-01;12786431;0;Slovenia;SVN
2002-01-01;0;0;Somalia;SOM
2002-01-01;21220637;0;South Africa;ZAF
2002-01-01;232291839;11700000;Spain;ESP
2002-01-01;17;0;Sri Lanka;LKA
2002-01-01;0;0;Sudan;SDN
2002-01-01;477245;0;Suriname;SUR
2002-01-01;0;0;Swaziland;SWZ
2002-01-01;109050097;10200000;Sweden;SWE
2002-01-01;77310365;17000000;Switzerland;CHE
2002-01-01;9649;0;Syrian Arab Republic;SYR
2002-01-01;16663139;0;Taiwan;TWN
2002-01-01;0;0;Tajikistan;TJK
2002-01-01;14059;0;Tanzania;TZA
2002-01-01;5112114;0;Thailand;THA
2002-01-01;0;0;"Timor-Leste
";TLS
2002-01-01;0;0;Togo;TGO
2002-01-01;28880;0;Trinidad and Tobago;TTO
2002-01-01;9163406;0;Tunisia;TUN
2002-01-01;123999861;13000000;Turkey;TUR
2002-01-01;4156;0;Turkmenistan;TKM
2002-01-01;0;0;Uganda;UGA
2002-01-01;1589252;0;Ukraine;UKR
2002-01-01;39653087;0;United Arab Emirates;ARE
2002-01-01;128028748;24400000;United Kingdom;GBR
2002-01-01;685310576;0;United States;USA
2002-01-01;513642;0;Uruguay;URY
2002-01-01;0;0;Uzbekistan;UZB
2002-01-01;202285;0;Venezuela;VEN
2002-01-01;766216;0;Viet Nam;VNM
2002-01-01;20443;0;Yemen;YEM
2002-01-01;45270;0;Zambia;ZMB
2002-01-01;800;0;Zimbabwe;ZWE
2003-01-01;4042679;0;Afghanistan;AFG
2003-01-01;17175;0;Albania;ALB
2003-01-01;1027806;0;Algeria;DZA
2003-01-01;0;0;Angola;AGO
2003-01-01;0;0;Antigua and Barbuda;ATG
2003-01-01;90913;0;Argentina;ARG
2003-01-01;0;0;Armenia;ARM
2003-01-01;19819114;1627000;Australia;AUS
2003-01-01;18075166;6483000;Austria;AUT
2003-01-01;0;0;Azerbaijan;AZE
2003-01-01;0;0;Bahamas;BHS
2003-01-01;2108549;0;Bahrain;BHR
2003-01-01;96009;0;Bangladesh;BGD
2003-01-01;0;0;Barbados;BRB
2003-01-01;272797;0;Belarus;BLR
2003-01-01;21650252;377000;Belgium;BEL
2003-01-01;0;0;Belize;BLZ
2003-01-01;0;0;Benin;BEN
2003-01-01;0;0;Bhutan;BTN
2003-01-01;0;0;Bolivia;BOL
2003-01-01;7000;0;Bosnia and Herzegovina;BIH
2003-01-01;871197;0;Botswana;BWA
2003-01-01;18474388;0;Brazil;BRA
2003-01-01;36309;0;Brunei Darussalam;BRN
2003-01-01;5716604;0;Bulgaria;BGR
2003-01-01;1000;0;Burkina Faso;BFA
2003-01-01;426800;0;Burundi;BDI
2003-01-01;520680;0;Cambodia;KHM
2003-01-01;0;0;Cameroon;CMR
2003-01-01;17861310;1252000;Canada;CAN
2003-01-01;0;0;Cape Verde;CPV
2003-01-01;0;0;Central African Republic;CAF
2003-01-01;0;0;Chad;TCD
2003-01-01;7702077;6088000;Chile;CHL
2003-01-01;1096261;0;China;CHN
2003-01-01;2999153;0;Colombia;COL
2003-01-01;0;0;Congo, DR;COD
2003-01-01;0;0;Congo, Rep.;COG
2003-01-01;948;0;Costa Rica;CRI
2003-01-01;0;0;Côte d`Ivoire;CIV
2003-01-01;1334500;0;Croatia;HRV
2003-01-01;0;0;Cuba;CUB
2003-01-01;739950;0;Cyprus;CYP
2003-01-01;6595257;71000;Czech Republic;CZE
2003-01-01;15019278;47006000;Denmark;DNK
2003-01-01;0;0;Djibouti;DJI
2003-01-01;0;0;Dominican Republic;DOM
2003-01-01;1084304;0;Ecuador;ECU
2003-01-01;41148948;17115000;Egypt;EGY
2003-01-01;0;0;El Salvador;SLV
2003-01-01;0;0;Equatorial Guinea;GNQ
2003-01-01;0;0;Eritrea;ERI
2003-01-01;43190528;8618000;Estonia;EST
2003-01-01;0;0;Ethiopia;ETH
2003-01-01;0;0;Fiji;FJI
2003-01-01;18900158;80618000;Finland;FIN
2003-01-01;149556173;10301000;France;FRA
2003-01-01;510257;0;Gabon;GAB
2003-01-01;0;0;Gambia;GMB
2003-01-01;0;0;Georgia;GEO
2003-01-01;0;0;Germany;DEU
2003-01-01;0;0;Ghana;GHA
2003-01-01;462138992;65020000;Greece;GRC
2003-01-01;0;0;Guatemala;GTM
2003-01-01;0;0;Guinea;GIN
2003-01-01;0;0;Guinea-Bissau;GNB
2003-01-01;0;0;Guyana;GUY
2003-01-01;0;0;Haiti;HTI
2003-01-01;0;0;Honduras;HND
2003-01-01;10678114;25000;Hungary;HUN
2003-01-01;67056;0;Iceland;ISL
2003-01-01;40086989;0;India;IND
2003-01-01;17104565;0;Indonesia;IDN
2003-01-01;0;0;Iran;IRN
2003-01-01;1555839;0;Iraq;IRQ
2003-01-01;7886122;5000;Ireland;IRL
2003-01-01;131567362;100560000;Israel;ISR
2003-01-01;0;45629000;Italy;ITA
2003-01-01;0;0;Jamaica;JAM
2003-01-01;8059219;130000;Japan;JPN
2003-01-01;3680963;0;Jordan;JOR
2003-01-01;667655;0;Kazakhstan;KAZ
2003-01-01;899;0;Kenya;KEN
2003-01-01;0;0;Korea, Dem. Rep.;PRK
2003-01-01;141736157;4380000;Korea, Rep.;KOR
2003-01-01;4914609;0;Kuwait;KWT
2003-01-01;435;0;Kyrgyzstan;KGZ
2003-01-01;2050;0;Lao PR;LAO
2003-01-01;1726128;208000;Latvia;LVA
2003-01-01;5215;0;Lebanon;LBN
2003-01-01;0;0;Lesotho;LSO
2003-01-01;0;0;Liberia;LBR
2003-01-01;1306866;0;Libya;LBY
2003-01-01;2547856;359000;Lithuania;LTU
2003-01-01;35096462;166000;Luxembourg;LUX
2003-01-01;0;0;Macedonia;MKD
2003-01-01;985700;0;Madagascar;MDG
2003-01-01;0;0;Malawi;MWI
2003-01-01;460710499;307849000;Malaysia;MYS
2003-01-01;0;0;Maldives;MDV
2003-01-01;0;0;Mali;MLI
2003-01-01;10620;0;Malta;MLT
2003-01-01;0;0;Mauritania;MRT
2003-01-01;0;0;Mauritius;MUS
2003-01-01;1699646;25000;Mexico;MEX
2003-01-01;1195;0;Moldova;MDA
2003-01-01;24006;0;Mongolia;MNG
2003-01-01;0;0;Montenegro;MNE
2003-01-01;7064301;0;Morocco;MAR
2003-01-01;0;0;Mozambique;MOZ
2003-01-01;0;0;Myanmar;MMR
2003-01-01;313643;0;Namibia;NAM
2003-01-01;0;0;Nepal;NPL
2003-01-01;354624532;105106000;Netherlands;NLD
2003-01-01;1366984;13000;New Zealand;NZL
2003-01-01;0;0;Nicaragua;NIC
2003-01-01;8000;0;Niger;NER
2003-01-01;3360606;0;Nigeria;NGA
2003-01-01;96079061;3648000;Norway;NOR
2003-01-01;739961;0;Oman;OMN
2003-01-01;888796;0;Pakistan;PAK
2003-01-01;0;0;Panama;PAN
2003-01-01;0;0;Papua New Guinea;PNG
2003-01-01;89725;0;Paraguay;PRY
2003-01-01;0;0;Peru;PER
2003-01-01;22433;0;Philippines;PHL
2003-01-01;23601322;74319000;Poland;POL
2003-01-01;4229656;155000;Portugal;PRT
2003-01-01;273441;0;Qatar;QAT
2003-01-01;28360616;7140000;Romania;ROU
2003-01-01;11350378;0;Russian Federation;RUS
2003-01-01;0;0;Rwanda;RWA
2003-01-01;43699441;0;Saudi Arabia;SAU
2003-01-01;0;0;Senegal;SEN
2003-01-01;0;0;Serbia;SRB
2003-01-01;0;0;Seychelles;SYC
2003-01-01;0;0;Sierra Leone;SLE
2003-01-01;44838674;2169000;Singapore;SGP
2003-01-01;3753662;23000;Slovakia;SVK
2003-01-01;2912427;0;Slovenia;SVN
2003-01-01;0;0;Somalia;SOM
2003-01-01;427852065;259770000;South Africa;ZAF
2003-01-01;359459183;12549000;Spain;ESP
2003-01-01;22221;0;Sri Lanka;LKA
2003-01-01;0;0;Sudan;SDN
2003-01-01;0;0;Suriname;SUR
2003-01-01;0;0;Swaziland;SWZ
2003-01-01;29066230;44342000;Sweden;SWE
2003-01-01;242520084;18406000;Switzerland;CHE
2003-01-01;765376;0;Syrian Arab Republic;SYR
2003-01-01;6771843;0;Taiwan;TWN
2003-01-01;0;0;Tajikistan;TJK
2003-01-01;2360;0;Tanzania;TZA
2003-01-01;31168759;510000;Thailand;THA
2003-01-01;35178;0;"Timor-Leste
";TLS
2003-01-01;0;0;Togo;TGO
2003-01-01;0;0;Trinidad and Tobago;TTO
2003-01-01;239544;0;Tunisia;TUN
2003-01-01;440301898;55606000;Turkey;TUR
2003-01-01;825346;0;Turkmenistan;TKM
2003-01-01;0;0;Uganda;UGA
2003-01-01;1933806;0;Ukraine;UKR
2003-01-01;4158904;2042000;United Arab Emirates;ARE
2003-01-01;233756600;32412000;United Kingdom;GBR
2003-01-01;492075202;10614000;United States;USA
2003-01-01;0;0;Uruguay;URY
2003-01-01;2675;0;Uzbekistan;UZB
2003-01-01;225254;0;Venezuela;VEN
2003-01-01;566640;0;Viet Nam;VNM
2003-01-01;0;0;Yemen;YEM
2003-01-01;296872;0;Zambia;ZMB
2003-01-01;0;0;Zimbabwe;ZWE
2004-01-01;6989694;0;Afghanistan;AFG
2004-01-01;183506;0;Albania;ALB
2004-01-01;176849;0;Algeria;DZA
2004-01-01;27374;0;Angola;AGO
2004-01-01;0;0;Antigua and Barbuda;ATG
2004-01-01;581349;0;Argentina;ARG
2004-01-01;0;0;Armenia;ARM
2004-01-01;18245751;4000;Australia;AUS
2004-01-01;27324300;4407000;Austria;AUT
2004-01-01;0;0;Azerbaijan;AZE
2004-01-01;0;0;Bahamas;BHS
2004-01-01;125551;0;Bahrain;BHR
2004-01-01;247679;0;Bangladesh;BGD
2004-01-01;0;0;Barbados;BRB
2004-01-01;140047;0;Belarus;BLR
2004-01-01;15656117;1299000;Belgium;BEL
2004-01-01;0;0;Belize;BLZ
2004-01-01;3590;0;Benin;BEN
2004-01-01;0;0;Bhutan;BTN
2004-01-01;486;0;Bolivia;BOL
2004-01-01;632386;0;Bosnia and Herzegovina;BIH
2004-01-01;346100;0;Botswana;BWA
2004-01-01;35594660;26717000;Brazil;BRA
2004-01-01;1061718;0;Brunei Darussalam;BRN
2004-01-01;6363461;13000;Bulgaria;BGR
2004-01-01;0;0;Burkina Faso;BFA
2004-01-01;0;0;Burundi;BDI
2004-01-01;40987;0;Cambodia;KHM
2004-01-01;0;0;Cameroon;CMR
2004-01-01;93126435;1009000;Canada;CAN
2004-01-01;0;0;Cape Verde;CPV
2004-01-01;0;0;Central African Republic;CAF
2004-01-01;0;0;Chad;TCD
2004-01-01;2401869;1703000;Chile;CHL
2004-01-01;882890;0;China;CHN
2004-01-01;1970263;0;Colombia;COL
2004-01-01;0;0;Congo, DR;COD
2004-01-01;0;0;Congo, Rep.;COG
2004-01-01;2765;0;Costa Rica;CRI
2004-01-01;0;0;Côte d`Ivoire;CIV
2004-01-01;1689827;94000;Croatia;HRV
2004-01-01;0;0;Cuba;CUB
2004-01-01;27151;0;Cyprus;CYP
2004-01-01;3400604;637000;Czech Republic;CZE
2004-01-01;29919584;131501000;Denmark;DNK
2004-01-01;260000;0;Djibouti;DJI
2004-01-01;12210;0;Dominican Republic;DOM
2004-01-01;218943;0;Ecuador;ECU
2004-01-01;22499343;2454000;Egypt;EGY
2004-01-01;170;0;El Salvador;SLV
2004-01-01;0;0;Equatorial Guinea;GNQ
2004-01-01;1078;0;Eritrea;ERI
2004-01-01;149260;885000;Estonia;EST
2004-01-01;2510;0;Ethiopia;ETH
2004-01-01;0;0;Fiji;FJI
2004-01-01;42177454;9278000;Finland;FIN
2004-01-01;200668908;6193000;France;FRA
2004-01-01;525809;0;Gabon;GAB
2004-01-01;0;0;Gambia;GMB
2004-01-01;20001;0;Georgia;GEO
2004-01-01;0;0;Germany;DEU
2004-01-01;106200;0;Ghana;GHA
2004-01-01;150555707;95723000;Greece;GRC
2004-01-01;3049;0;Guatemala;GTM
2004-01-01;0;0;Guinea;GIN
2004-01-01;0;0;Guinea-Bissau;GNB
2004-01-01;105960;0;Guyana;GUY
2004-01-01;282934;0;Haiti;HTI
2004-01-01;0;0;Honduras;HND
2004-01-01;3410541;3000;Hungary;HUN
2004-01-01;88158;0;Iceland;ISL
2004-01-01;103000248;0;India;IND
2004-01-01;45468779;0;Indonesia;IDN
2004-01-01;112680;0;Iran;IRN
2004-01-01;32883832;0;Iraq;IRQ
2004-01-01;2023680;0;Ireland;IRL
2004-01-01;14770993;417000;Israel;ISR
2004-01-01;352450570;35912000;Italy;ITA
2004-01-01;0;0;Jamaica;JAM
2004-01-01;16202349;36000;Japan;JPN
2004-01-01;1567771;0;Jordan;JOR
2004-01-01;953957;0;Kazakhstan;KAZ
2004-01-01;255935;0;Kenya;KEN
2004-01-01;0;0;Korea, Dem. Rep.;PRK
2004-01-01;125636288;1061000;Korea, Rep.;KOR
2004-01-01;24328710;9842000;Kuwait;KWT
2004-01-01;0;0;Kyrgyzstan;KGZ
2004-01-01;6667;0;Lao PR;LAO
2004-01-01;212108;62000;Latvia;LVA
2004-01-01;249830;0;Lebanon;LBN
2004-01-01;0;0;Lesotho;LSO
2004-01-01;1113;0;Liberia;LBR
2004-01-01;0;0;Libya;LBY
2004-01-01;1397190;599000;Lithuania;LTU
2004-01-01;1146972;220000;Luxembourg;LUX
2004-01-01;0;0;Macedonia;MKD
2004-01-01;5408000;0;Madagascar;MDG
2004-01-01;120;0;Malawi;MWI
2004-01-01;61203349;46000;Malaysia;MYS
2004-01-01;0;0;Maldives;MDV
2004-01-01;0;0;Mali;MLI
2004-01-01;57637;0;Malta;MLT
2004-01-01;0;0;Mauritania;MRT
2004-01-01;1000;0;Mauritius;MUS
2004-01-01;1828969;207000;Mexico;MEX
2004-01-01;205640;0;Moldova;MDA
2004-01-01;10172;0;Mongolia;MNG
2004-01-01;0;0;Montenegro;MNE
2004-01-01;842495;0;Morocco;MAR
2004-01-01;0;0;Mozambique;MOZ
2004-01-01;0;0;Myanmar;MMR
2004-01-01;198097;0;Namibia;NAM
2004-01-01;0;0;Nepal;NPL
2004-01-01;448333743;46406000;Netherlands;NLD
2004-01-01;1159122;528000;New Zealand;NZL
2004-01-01;0;0;Nicaragua;NIC
2004-01-01;1100;0;Niger;NER
2004-01-01;6173272;0;Nigeria;NGA
2004-01-01;46801843;5766000;Norway;NOR
2004-01-01;873967;0;Oman;OMN
2004-01-01;32731911;0;Pakistan;PAK
2004-01-01;0;0;Panama;PAN
2004-01-01;0;0;Papua New Guinea;PNG
2004-01-01;103600;0;Paraguay;PRY
2004-01-01;4654740;0;Peru;PER
2004-01-01;1221386;0;Philippines;PHL
2004-01-01;26728444;91731000;Poland;POL
2004-01-01;24598186;648000;Portugal;PRT
2004-01-01;8775675;0;Qatar;QAT
2004-01-01;2745826;8145000;Romania;ROU
2004-01-01;192272910;0;Russian Federation;RUS
2004-01-01;0;0;Rwanda;RWA
2004-01-01;58785113;588000;Saudi Arabia;SAU
2004-01-01;0;0;Senegal;SEN
2004-01-01;0;0;Serbia;SRB
2004-01-01;0;0;Seychelles;SYC
2004-01-01;7288;0;Sierra Leone;SLE
2004-01-01;16771871;9458000;Singapore;SGP
2004-01-01;10555940;2700000;Slovakia;SVK
2004-01-01;2779335;330000;Slovenia;SVN
2004-01-01;0;0;Somalia;SOM
2004-01-01;152446677;264714000;South Africa;ZAF
2004-01-01;198795899;75001000;Spain;ESP
2004-01-01;7706;0;Sri Lanka;LKA
2004-01-01;0;0;Sudan;SDN
2004-01-01;0;0;Suriname;SUR
2004-01-01;0;0;Swaziland;SWZ
2004-01-01;41558020;18555000;Sweden;SWE
2004-01-01;66266012;52516000;Switzerland;CHE
2004-01-01;13470;0;Syrian Arab Republic;SYR
2004-01-01;3487185;0;Taiwan;TWN
2004-01-01;138500;0;Tajikistan;TJK
2004-01-01;9458;0;Tanzania;TZA
2004-01-01;3108549;260000;Thailand;THA
2004-01-01;0;0;"Timor-Leste
";TLS
2004-01-01;0;0;Togo;TGO
2004-01-01;82005;0;Trinidad and Tobago;TTO
2004-01-01;472654;22000;Tunisia;TUN
2004-01-01;72757269;159916000;Turkey;TUR
2004-01-01;412673;0;Turkmenistan;TKM
2004-01-01;201200;0;Uganda;UGA
2004-01-01;2301458;0;Ukraine;UKR
2004-01-01;59967288;5214000;United Arab Emirates;ARE
2004-01-01;331847252;44592000;United Kingdom;GBR
2004-01-01;486645992;11651000;United States;USA
2004-01-01;1050;0;Uruguay;URY
2004-01-01;178952;0;Uzbekistan;UZB
2004-01-01;37367799;0;Venezuela;VEN
2004-01-01;12500;0;Viet Nam;VNM
2004-01-01;973222;0;Yemen;YEM
2004-01-01;10384;0;Zambia;ZMB
2004-01-01;0;0;Zimbabwe;ZWE
2005-01-01;5678238;0;Afghanistan;AFG
2005-01-01;120368;0;Albania;ALB
2005-01-01;19033623;0;Algeria;DZA
2005-01-01;104000;0;Angola;AGO
2005-01-01;0;0;Antigua and Barbuda;ATG
2005-01-01;1682997;68000;Argentina;ARG
2005-01-01;119049;0;Armenia;ARM
2005-01-01;20282941;1414000;Australia;AUS
2005-01-01;18581292;9053000;Austria;AUT
2005-01-01;30500;0;Azerbaijan;AZE
2005-01-01;0;0;Bahamas;BHS
2005-01-01;3957796;0;Bahrain;BHR
2005-01-01;1144331;0;Bangladesh;BGD
2005-01-01;0;0;Barbados;BRB
2005-01-01;272796;0;Belarus;BLR
2005-01-01;45528051;888000;Belgium;BEL
2005-01-01;0;0;Belize;BLZ
2005-01-01;0;0;Benin;BEN
2005-01-01;0;0;Bhutan;BTN
2005-01-01;0;0;Bolivia;BOL
2005-01-01;0;0;Bosnia and Herzegovina;BIH
2005-01-01;1461481;0;Botswana;BWA
2005-01-01;5408764;0;Brazil;BRA
2005-01-01;453077;0;Brunei Darussalam;BRN
2005-01-01;15225855;0;Bulgaria;BGR
2005-01-01;695;0;Burkina Faso;BFA
2005-01-01;21219;11000;Burundi;BDI
2005-01-01;0;0;Cambodia;KHM
2005-01-01;0;0;Cameroon;CMR
2005-01-01;72548428;16000;Canada;CAN
2005-01-01;0;0;Cape Verde;CPV
2005-01-01;0;0;Central African Republic;CAF
2005-01-01;0;0;Chad;TCD
2005-01-01;15987894;5003000;Chile;CHL
2005-01-01;46320;0;China;CHN
2005-01-01;4010832;0;Colombia;COL
2005-01-01;13398;0;Congo, DR;COD
2005-01-01;0;0;Congo, Rep.;COG
2005-01-01;0;0;Costa Rica;CRI
2005-01-01;219886;29000;Côte d`Ivoire;CIV
2005-01-01;1389662;57000;Croatia;HRV
2005-01-01;0;0;Cuba;CUB
2005-01-01;287560;0;Cyprus;CYP
2005-01-01;3117057;420000;Czech Republic;CZE
2005-01-01;53266669;12812000;Denmark;DNK
2005-01-01;0;0;Djibouti;DJI
2005-01-01;0;0;Dominican Republic;DOM
2005-01-01;480000;0;Ecuador;ECU
2005-01-01;8394884;0;Egypt;EGY
2005-01-01;0;0;El Salvador;SLV
2005-01-01;0;0;Equatorial Guinea;GNQ
2005-01-01;0;0;Eritrea;ERI
2005-01-01;570912;13000;Estonia;EST
2005-01-01;0;0;Ethiopia;ETH
2005-01-01;30000;0;Fiji;FJI
2005-01-01;118409211;3792000;Finland;FIN
2005-01-01;219495475;9323000;France;FRA
2005-01-01;608580;0;Gabon;GAB
2005-01-01;55280;0;Gambia;GMB
2005-01-01;295;0;Georgia;GEO
2005-01-01;0;0;Germany;DEU
2005-01-01;61374;0;Ghana;GHA
2005-01-01;255800261;65947000;Greece;GRC
2005-01-01;0;0;Guatemala;GTM
2005-01-01;0;0;Guinea;GIN
2005-01-01;0;0;Guinea-Bissau;GNB
2005-01-01;151000;0;Guyana;GUY
2005-01-01;31337;21000;Haiti;HTI
2005-01-01;50;0;Honduras;HND
2005-01-01;570596;39000;Hungary;HUN
2005-01-01;153274;17000;Iceland;ISL
2005-01-01;50851942;2055000;India;IND
2005-01-01;24890744;0;Indonesia;IDN
2005-01-01;0;0;Iran;IRN
2005-01-01;25056087;0;Iraq;IRQ
2005-01-01;2236187;197000;Ireland;IRL
2005-01-01;20358689;477000;Israel;ISR
2005-01-01;113046770;13828000;Italy;ITA
2005-01-01;0;0;Jamaica;JAM
2005-01-01;17677212;197000;Japan;JPN
2005-01-01;4406896;24000;Jordan;JOR
2005-01-01;2368119;258000;Kazakhstan;KAZ
2005-01-01;458461;0;Kenya;KEN
2005-01-01;0;0;Korea, Dem. Rep.;PRK
2005-01-01;76921019;218356000;Korea, Rep.;KOR
2005-01-01;4984905;136123000;Kuwait;KWT
2005-01-01;280005;0;Kyrgyzstan;KGZ
2005-01-01;0;0;Lao PR;LAO
2005-01-01;295671;0;Latvia;LVA
2005-01-01;135400;0;Lebanon;LBN
2005-01-01;0;0;Lesotho;LSO
2005-01-01;54688;23000;Liberia;LBR
2005-01-01;305311;0;Libya;LBY
2005-01-01;662782;685000;Lithuania;LTU
2005-01-01;2587518;799000;Luxembourg;LUX
2005-01-01;3707;0;Macedonia;MKD
2005-01-01;0;0;Madagascar;MDG
2005-01-01;0;0;Malawi;MWI
2005-01-01;92777843;48000;Malaysia;MYS
2005-01-01;0;0;Maldives;MDV
2005-01-01;0;0;Mali;MLI
2005-01-01;9072;0;Malta;MLT
2005-01-01;0;0;Mauritania;MRT
2005-01-01;6789;0;Mauritius;MUS
2005-01-01;1600431;141000;Mexico;MEX
2005-01-01;5730;0;Moldova;MDA
2005-01-01;38128;0;Mongolia;MNG
2005-01-01;0;0;Montenegro;MNE
2005-01-01;88701;0;Morocco;MAR
2005-01-01;0;0;Mozambique;MOZ
2005-01-01;0;0;Myanmar;MMR
2005-01-01;144526;0;Namibia;NAM
2005-01-01;0;0;Nepal;NPL
2005-01-01;202483021;152651000;Netherlands;NLD
2005-01-01;3817014;241000;New Zealand;NZL
2005-01-01;0;0;Nicaragua;NIC
2005-01-01;0;0;Niger;NER
2005-01-01;1967537;0;Nigeria;NGA
2005-01-01;79010821;1434000;Norway;NOR
2005-01-01;13256297;0;Oman;OMN
2005-01-01;99731555;0;Pakistan;PAK
2005-01-01;0;0;Panama;PAN
2005-01-01;0;0;Papua New Guinea;PNG
2005-01-01;190000;0;Paraguay;PRY
2005-01-01;548323;0;Peru;PER
2005-01-01;678696;71000;Philippines;PHL
2005-01-01;54039400;3484000;Poland;POL
2005-01-01;5114111;495000;Portugal;PRT
2005-01-01;9383769;0;Qatar;QAT
2005-01-01;7298748;508000;Romania;ROU
2005-01-01;12640205;0;Russian Federation;RUS
2005-01-01;0;0;Rwanda;RWA
2005-01-01;29854300;3814000;Saudi Arabia;SAU
2005-01-01;0;0;Senegal;SEN
2005-01-01;0;0;Serbia;SRB
2005-01-01;0;0;Seychelles;SYC
2005-01-01;199000;0;Sierra Leone;SLE
2005-01-01;120277070;13231000;Singapore;SGP
2005-01-01;5740550;2706000;Slovakia;SVK
2005-01-01;10190256;506000;Slovenia;SVN
2005-01-01;0;0;Somalia;SOM
2005-01-01;613918156;180006000;South Africa;ZAF
2005-01-01;161663328;223106000;Spain;ESP
2005-01-01;550;0;Sri Lanka;LKA
2005-01-01;32483;0;Sudan;SDN
2005-01-01;0;0;Suriname;SUR
2005-01-01;0;0;Swaziland;SWZ
2005-01-01;42947187;4142000;Sweden;SWE
2005-01-01;60117952;76044000;Switzerland;CHE
2005-01-01;0;0;Syrian Arab Republic;SYR
2005-01-01;11062619;0;Taiwan;TWN
2005-01-01;0;0;Tajikistan;TJK
2005-01-01;11338;0;Tanzania;TZA
2005-01-01;9502816;442000;Thailand;THA
2005-01-01;0;0;"Timor-Leste
";TLS
2005-01-01;362035;0;Togo;TGO
2005-01-01;0;0;Trinidad and Tobago;TTO
2005-01-01;33000592;21667000;Tunisia;TUN
2005-01-01;213085355;387805000;Turkey;TUR
2005-01-01;10000;0;Turkmenistan;TKM
2005-01-01;88950;0;Uganda;UGA
2005-01-01;1959560;0;Ukraine;UKR
2005-01-01;316137933;63000;United Arab Emirates;ARE
2005-01-01;123707040;41489000;United Kingdom;GBR
2005-01-01;630743172;32956000;United States;USA
2005-01-01;824359;700000;Uruguay;URY
2005-01-01;0;0;Uzbekistan;UZB
2005-01-01;639020;0;Venezuela;VEN
2005-01-01;654504;0;Viet Nam;VNM
2005-01-01;500000;0;Yemen;YEM
2005-01-01;25653;0;Zambia;ZMB
2005-01-01;0;0;Zimbabwe;ZWE
2006-01-01;573481;0;Afghanistan;AFG
2006-01-01;129200;0;Albania;ALB
2006-01-01;1803705;0;Algeria;DZA
2006-01-01;1507017;0;Angola;AGO
2006-01-01;0;0;Antigua and Barbuda;ATG
2006-01-01;9057303;86136;Argentina;ARG
2006-01-01;0;0;Armenia;ARM
2006-01-01;90410210;254000;Australia;AUS
2006-01-01;81759878;7538000;Austria;AUT
2006-01-01;1049200;0;Azerbaijan;AZE
2006-01-01;0;0;Bahamas;BHS
2006-01-01;3068825;5967;Bahrain;BHR
2006-01-01;123815;0;Bangladesh;BGD
2006-01-01;30223;30223;Barbados;BRB
2006-01-01;242677;0;Belarus;BLR
2006-01-01;205834503;8124000;Belgium;BEL
2006-01-01;0;0;Belize;BLZ
2006-01-01;0;0;Benin;BEN
2006-01-01;0;0;Bhutan;BTN
2006-01-01;3715;0;Bolivia;BOL
2006-01-01;733133;0;Bosnia and Herzegovina;BIH
2006-01-01;103742;0;Botswana;BWA
2006-01-01;28546749;57000;Brazil;BRA
2006-01-01;162610;10860;Brunei Darussalam;BRN
2006-01-01;2599825;8000;Bulgaria;BGR
2006-01-01;0;0;Burkina Faso;BFA
2006-01-01;1117;0;Burundi;BDI
2006-01-01;0;0;Cambodia;KHM
2006-01-01;18536;0;Cameroon;CMR
2006-01-01;51948008;1992000;Canada;CAN
2006-01-01;100000;0;Cape Verde;CPV
2006-01-01;0;0;Central African Republic;CAF
2006-01-01;0;0;Chad;TCD
2006-01-01;88789726;945000;Chile;CHL
2006-01-01;2563722;0;China;CHN
2006-01-01;3425217;0;Colombia;COL
2006-01-01;335531;0;Congo, DR;COD
2006-01-01;36350;31000;Congo, Rep.;COG
2006-01-01;2236;0;Costa Rica;CRI
2006-01-01;0;0;Côte d`Ivoire;CIV
2006-01-01;1858570;150000;Croatia;HRV
2006-01-01;0;0;Cuba;CUB
2006-01-01;26752;0;Cyprus;CYP
2006-01-01;3549461;120000;Czech Republic;CZE
2006-01-01;48951649;3779000;Denmark;DNK
2006-01-01;0;0;Djibouti;DJI
2006-01-01;0;0;Dominican Republic;DOM
2006-01-01;6127012;0;Ecuador;ECU
2006-01-01;16275488;0;Egypt;EGY
2006-01-01;0;0;El Salvador;SLV
2006-01-01;0;0;Equatorial Guinea;GNQ
2006-01-01;0;0;Eritrea;ERI
2006-01-01;2979121;21000;Estonia;EST
2006-01-01;198567;0;Ethiopia;ETH
2006-01-01;0;30000;Fiji;FJI
2006-01-01;37148987;277000;Finland;FIN
2006-01-01;120004831;6266000;France;FRA
2006-01-01;0;0;Gabon;GAB
2006-01-01;0;0;Gambia;GMB
2006-01-01;3484507;0;Georgia;GEO
2006-01-01;0;0;Germany;DEU
2006-01-01;140683;0;Ghana;GHA
2006-01-01;455174346;427953000;Greece;GRC
2006-01-01;0;0;Guatemala;GTM
2006-01-01;0;0;Guinea;GIN
2006-01-01;0;0;Guinea-Bissau;GNB
2006-01-01;160;0;Guyana;GUY
2006-01-01;0;0;Haiti;HTI
2006-01-01;0;0;Honduras;HND
2006-01-01;33389113;0;Hungary;HUN
2006-01-01;207616;55000;Iceland;ISL
2006-01-01;107862573;28000;India;IND
2006-01-01;11171623;4655000;Indonesia;IDN
2006-01-01;187250;0;Iran;IRN
2006-01-01;10768433;0;Iraq;IRQ
2006-01-01;6622372;1292000;Ireland;IRL
2006-01-01;19558179;2014000;Israel;ISR
2006-01-01;122223787;12983000;Italy;ITA
2006-01-01;24233;22910;Jamaica;JAM
2006-01-01;24288619;290000;Japan;JPN
2006-01-01;21201920;3250;Jordan;JOR
2006-01-01;1011081;0;Kazakhstan;KAZ
2006-01-01;258670;0;Kenya;KEN
2006-01-01;0;0;Korea, Dem. Rep.;PRK
2006-01-01;161767995;218537000;Korea, Rep.;KOR
2006-01-01;1012138;61000;Kuwait;KWT
2006-01-01;600;0;Kyrgyzstan;KGZ
2006-01-01;35;0;Lao PR;LAO
2006-01-01;9737796;0;Latvia;LVA
2006-01-01;241845;0;Lebanon;LBN
2006-01-01;0;0;Lesotho;LSO
2006-01-01;87927;0;Liberia;LBR
2006-01-01;1995385;0;Libya;LBY
2006-01-01;9881126;613000;Lithuania;LTU
2006-01-01;2472658;1301000;Luxembourg;LUX
2006-01-01;92106;0;Macedonia;MKD
2006-01-01;424000;0;Madagascar;MDG
2006-01-01;0;0;Malawi;MWI
2006-01-01;17532554;309000;Malaysia;MYS
2006-01-01;0;0;Maldives;MDV
2006-01-01;262600;0;Mali;MLI
2006-01-01;19426;5000;Malta;MLT
2006-01-01;0;0;Mauritania;MRT
2006-01-01;13507;0;Mauritius;MUS
2006-01-01;2986039;1207000;Mexico;MEX
2006-01-01;7356;0;Moldova;MDA
2006-01-01;115629;0;Mongolia;MNG
2006-01-01;0;0;Montenegro;MNE
2006-01-01;371410;0;Morocco;MAR
2006-01-01;0;0;Mozambique;MOZ
2006-01-01;0;0;Myanmar;MMR
2006-01-01;2588868;0;Namibia;NAM
2006-01-01;334000;0;Nepal;NPL
2006-01-01;210330756;193463000;Netherlands;NLD
2006-01-01;468560;769000;New Zealand;NZL
2006-01-01;0;0;Nicaragua;NIC
2006-01-01;0;0;Niger;NER
2006-01-01;2426840;0;Nigeria;NGA
2006-01-01;40804845;4767000;Norway;NOR
2006-01-01;10101454;48995;Oman;OMN
2006-01-01;134714667;9529000;Pakistan;PAK
2006-01-01;0;0;Panama;PAN
2006-01-01;0;0;Papua New Guinea;PNG
2006-01-01;0;0;Paraguay;PRY
2006-01-01;4824366;0;Peru;PER
2006-01-01;609738;79000;Philippines;PHL
2006-01-01;26180387;900000;Poland;POL
2006-01-01;15969406;462000;Portugal;PRT
2006-01-01;1777569;765000;Qatar;QAT
2006-01-01;6941748;419000;Romania;ROU
2006-01-01;196193484;0;Russian Federation;RUS
2006-01-01;0;0;Rwanda;RWA
2006-01-01;56913949;2705000;Saudi Arabia;SAU
2006-01-01;0;0;Senegal;SEN
2006-01-01;0;0;Serbia;SRB
2006-01-01;0;0;Seychelles;SYC
2006-01-01;0;0;Sierra Leone;SLE
2006-01-01;37708986;131000;Singapore;SGP
2006-01-01;9964500;142000;Slovakia;SVK
2006-01-01;16666573;2554000;Slovenia;SVN
2006-01-01;0;0;Somalia;SOM
2006-01-01;19082020;183538000;South Africa;ZAF
2006-01-01;191468448;29725000;Spain;ESP
2006-01-01;667550;0;Sri Lanka;LKA
2006-01-01;0;22000;Sudan;SDN
2006-01-01;0;0;Suriname;SUR
2006-01-01;0;0;Swaziland;SWZ
2006-01-01;69765045;866000;Sweden;SWE
2006-01-01;73363959;44305000;Switzerland;CHE
2006-01-01;452833;0;Syrian Arab Republic;SYR
2006-01-01;5289646;479000;Taiwan;TWN
2006-01-01;674200;0;Tajikistan;TJK
2006-01-01;38021;0;Tanzania;TZA
2006-01-01;17876988;74000;Thailand;THA
2006-01-01;0;0;"Timor-Leste
";TLS
2006-01-01;8500;0;Togo;TGO
2006-01-01;0;0;Trinidad and Tobago;TTO
2006-01-01;64001;10833000;Tunisia;TUN
2006-01-01;311732744;124634000;Turkey;TUR
2006-01-01;90795;0;Turkmenistan;TKM
2006-01-01;0;0;Uganda;UGA
2006-01-01;3682437;0;Ukraine;UKR
2006-01-01;93917195;36000000;United Arab Emirates;ARE
2006-01-01;183180155;6349000;United Kingdom;GBR
2006-01-01;571587115;19655000;United States;USA
2006-01-01;96780;0;Uruguay;URY
2006-01-01;0;0;Uzbekistan;UZB
2006-01-01;21932139;0;Venezuela;VEN
2006-01-01;4888246;0;Viet Nam;VNM
2006-01-01;3909450;0;Yemen;YEM
2006-01-01;162135;0;Zambia;ZMB
2006-01-01;0;0;Zimbabwe;ZWE
2007-01-01;180030895;0;Afghanistan;AFG
2007-01-01;6710200;0;Albania;ALB
2007-01-01;8857878;0;Algeria;DZA
2007-01-01;2565970;0;Angola;AGO
2007-01-01;0;0;Antigua and Barbuda;ATG
2007-01-01;4212832;0;Argentina;ARG
2007-01-01;243500;0;Armenia;ARM
2007-01-01;60634996;481000;Australia;AUS
2007-01-01;109787847;5421000;Austria;AUT
2007-01-01;0;0;Azerbaijan;AZE
2007-01-01;0;0;Bahamas;BHS
2007-01-01;170170;0;Bahrain;BHR
2007-01-01;0;0;Bangladesh;BGD
2007-01-01;0;0;Barbados;BRB
2007-01-01;180219;0;Belarus;BLR
2007-01-01;23604316;21357000;Belgium;BEL
2007-01-01;0;0;Belize;BLZ
2007-01-01;0;0;Benin;BEN
2007-01-01;0;0;Bhutan;BTN
2007-01-01;1065;0;Bolivia;BOL
2007-01-01;660001;0;Bosnia and Herzegovina;BIH
2007-01-01;90611;0;Botswana;BWA
2007-01-01;7768594;0;Brazil;BRA
2007-01-01;57040;0;Brunei Darussalam;BRN
2007-01-01;12449305;307000;Bulgaria;BGR
2007-01-01;0;0;Burkina Faso;BFA
2007-01-01;0;0;Burundi;BDI
2007-01-01;8055;7000;Cambodia;KHM
2007-01-01;0;0;Cameroon;CMR
2007-01-01;49693700;333000;Canada;CAN
2007-01-01;0;0;Cape Verde;CPV
2007-01-01;15955;0;Central African Republic;CAF
2007-01-01;0;0;Chad;TCD
2007-01-01;2043876;12615000;Chile;CHL
2007-01-01;4064774;0;China;CHN
2007-01-01;3983520;0;Colombia;COL
2007-01-01;87920;0;Congo, DR;COD
2007-01-01;78900;0;Congo, Rep.;COG
2007-01-01;500;0;Costa Rica;CRI
2007-01-01;5113;0;Côte d`Ivoire;CIV
2007-01-01;1929483;139000;Croatia;HRV
2007-01-01;0;0;Cuba;CUB
2007-01-01;128480;0;Cyprus;CYP
2007-01-01;31330935;1353000;Czech Republic;CZE
2007-01-01;50996117;5785000;Denmark;DNK
2007-01-01;0;0;Djibouti;DJI
2007-01-01;0;0;Dominican Republic;DOM
2007-01-01;1503046;0;Ecuador;ECU
2007-01-01;15123902;1371000;Egypt;EGY
2007-01-01;0;0;El Salvador;SLV
2007-01-01;0;0;Equatorial Guinea;GNQ
2007-01-01;0;0;Eritrea;ERI
2007-01-01;3685819;671000;Estonia;EST
2007-01-01;0;0;Ethiopia;ETH
2007-01-01;0;0;Fiji;FJI
2007-01-01;39070487;7278000;Finland;FIN
2007-01-01;129218428;3080000;France;FRA
2007-01-01;0;0;Gabon;GAB
2007-01-01;0;0;Gambia;GMB
2007-01-01;1398902;900000;Georgia;GEO
2007-01-01;0;0;Germany;DEU
2007-01-01;111434;0;Ghana;GHA
2007-01-01;26773417;289128000;Greece;GRC
2007-01-01;0;0;Guatemala;GTM
2007-01-01;0;0;Guinea;GIN
2007-01-01;0;0;Guinea-Bissau;GNB
2007-01-01;0;0;Guyana;GUY
2007-01-01;0;0;Haiti;HTI
2007-01-01;0;0;Honduras;HND
2007-01-01;2582539;7911000;Hungary;HUN
2007-01-01;204661;0;Iceland;ISL
2007-01-01;89984133;360000;India;IND
2007-01-01;4124356;1712000;Indonesia;IDN
2007-01-01;0;0;Iran;IRN
2007-01-01;6839453;0;Iraq;IRQ
2007-01-01;7542533;418000;Ireland;IRL
2007-01-01;28370968;770000;Israel;ISR
2007-01-01;175570303;6056000;Italy;ITA
2007-01-01;120000;0;Jamaica;JAM
2007-01-01;20689770;122000;Japan;JPN
2007-01-01;7293852;0;Jordan;JOR
2007-01-01;16290255;24000;Kazakhstan;KAZ
2007-01-01;137500;0;Kenya;KEN
2007-01-01;0;78000;Korea, Dem. Rep.;PRK
2007-01-01;164105058;226899000;Korea, Rep.;KOR
2007-01-01;924552;242000;Kuwait;KWT
2007-01-01;400;0;Kyrgyzstan;KGZ
2007-01-01;6487;0;Lao PR;LAO
2007-01-01;5024227;516000;Latvia;LVA
2007-01-01;1098792;52000;Lebanon;LBN
2007-01-01;0;0;Lesotho;LSO
2007-01-01;9865;0;Liberia;LBR
2007-01-01;23844875;0;Libya;LBY
2007-01-01;4771073;1014000;Lithuania;LTU
2007-01-01;4135242;236000;Luxembourg;LUX
2007-01-01;149530;0;Macedonia;MKD
2007-01-01;0;0;Madagascar;MDG
2007-01-01;0;0;Malawi;MWI
2007-01-01;80466544;53000;Malaysia;MYS
2007-01-01;0;0;Maldives;MDV
2007-01-01;0;0;Mali;MLI
2007-01-01;0;0;Malta;MLT
2007-01-01;85900;0;Mauritania;MRT
2007-01-01;174988;0;Mauritius;MUS
2007-01-01;15529165;3263000;Mexico;MEX
2007-01-01;102250;0;Moldova;MDA
2007-01-01;25190;0;Mongolia;MNG
2007-01-01;4500;0;Montenegro;MNE
2007-01-01;9841522;0;Morocco;MAR
2007-01-01;0;0;Mozambique;MOZ
2007-01-01;0;0;Myanmar;MMR
2007-01-01;192088;0;Namibia;NAM
2007-01-01;0;0;Nepal;NPL
2007-01-01;153181744;188426000;Netherlands;NLD
2007-01-01;4753645;736000;New Zealand;NZL
2007-01-01;0;0;Nicaragua;NIC
2007-01-01;0;0;Niger;NER
2007-01-01;4285297;0;Nigeria;NGA
2007-01-01;73452074;3381000;Norway;NOR
2007-01-01;11210536;0;Oman;OMN
2007-01-01;163815917;7322000;Pakistan;PAK
2007-01-01;1920;0;Panama;PAN
2007-01-01;0;0;Papua New Guinea;PNG
2007-01-01;1172;0;Paraguay;PRY
2007-01-01;372492;0;Peru;PER
2007-01-01;653357;158000;Philippines;PHL
2007-01-01;19661652;2204000;Poland;POL
2007-01-01;13890072;575000;Portugal;PRT
2007-01-01;2624090;853000;Qatar;QAT
2007-01-01;31537892;5000;Romania;ROU
2007-01-01;30855530;0;Russian Federation;RUS
2007-01-01;0;0;Rwanda;RWA
2007-01-01;45495688;10079000;Saudi Arabia;SAU
2007-01-01;0;0;Senegal;SEN
2007-01-01;313817;0;Serbia;SRB
2007-01-01;7094;0;Seychelles;SYC
2007-01-01;0;0;Sierra Leone;SLE
2007-01-01;126383475;1160000;Singapore;SGP
2007-01-01;7824023;18000;Slovakia;SVK
2007-01-01;20312984;3043000;Slovenia;SVN
2007-01-01;184000;0;Somalia;SOM
2007-01-01;33826025;61000;South Africa;ZAF
2007-01-01;121781260;22914000;Spain;ESP
2007-01-01;59;0;Sri Lanka;LKA
2007-01-01;5010700;0;Sudan;SDN
2007-01-01;0;0;Suriname;SUR
2007-01-01;0;0;Swaziland;SWZ
2007-01-01;54076201;8460000;Sweden;SWE
2007-01-01;275968458;17804000;Switzerland;CHE
2007-01-01;262000;0;Syrian Arab Republic;SYR
2007-01-01;16524808;17000;Taiwan;TWN
2007-01-01;0;0;Tajikistan;TJK
2007-01-01;1335;0;Tanzania;TZA
2007-01-01;7255623;0;Thailand;THA
2007-01-01;0;0;"Timor-Leste
";TLS
2007-01-01;0;0;Togo;TGO
2007-01-01;1217991;0;Trinidad and Tobago;TTO
2007-01-01;263777;0;Tunisia;TUN
2007-01-01;121340847;199071000;Turkey;TUR
2007-01-01;273100;0;Turkmenistan;TKM
2007-01-01;103391;0;Uganda;UGA
2007-01-01;3663771;0;Ukraine;UKR
2007-01-01;69305772;7824000;United Arab Emirates;ARE
2007-01-01;248150277;25944000;United Kingdom;GBR
2007-01-01;534036243;14254000;United States;USA
2007-01-01;3179790;0;Uruguay;URY
2007-01-01;187250;0;Uzbekistan;UZB
2007-01-01;7314859;0;Venezuela;VEN
2007-01-01;0;0;Viet Nam;VNM
2007-01-01;875875;0;Yemen;YEM
2007-01-01;5182;0;Zambia;ZMB
2007-01-01;0;0;Zimbabwe;ZWE
2008-01-01;33506961;16000;Afghanistan;AFG
2008-01-01;15550;1000000;Albania;ALB
2008-01-01;507272;0;Algeria;DZA
2008-01-01;6898625;0;Angola;AGO
2008-01-01;0;0;Antigua and Barbuda;ATG
2008-01-01;6795690;0;Argentina;ARG
2008-01-01;0;0;Armenia;ARM
2008-01-01;31894953;877000;Australia;AUS
2008-01-01;140594439;338310000;Austria;AUT
2008-01-01;540000;0;Azerbaijan;AZE
2008-01-01;0;0;Bahamas;BHS
2008-01-01;8759929;0;Bahrain;BHR
2008-01-01;365825;0;Bangladesh;BGD
2008-01-01;0;0;Barbados;BRB
2008-01-01;157968;0;Belarus;BLR
2008-01-01;31301185;31621000;Belgium;BEL
2008-01-01;0;0;Belize;BLZ
2008-01-01;0;0;Benin;BEN
2008-01-01;50677;2000;Bhutan;BTN
2008-01-01;1065;0;Bolivia;BOL
2008-01-01;131660;0;Bosnia and Herzegovina;BIH
2008-01-01;2411169;0;Botswana;BWA
2008-01-01;17780334;375000;Brazil;BRA
2008-01-01;91821;0;Brunei Darussalam;BRN
2008-01-01;14653430;369000;Bulgaria;BGR
2008-01-01;6840;0;Burkina Faso;BFA
2008-01-01;0;0;Burundi;BDI
2008-01-01;0;0;Cambodia;KHM
2008-01-01;0;0;Cameroon;CMR
2008-01-01;34781973;156000;Canada;CAN
2008-01-01;0;0;Cape Verde;CPV
2008-01-01;0;0;Central African Republic;CAF
2008-01-01;0;0;Chad;TCD
2008-01-01;12243268;26856000;Chile;CHL
2008-01-01;94067;0;China;CHN
2008-01-01;18568035;0;Colombia;COL
2008-01-01;0;0;Congo, DR;COD
2008-01-01;502298;8000;Congo, Rep.;COG
2008-01-01;0;0;Costa Rica;CRI
2008-01-01;0;0;Côte d`Ivoire;CIV
2008-01-01;11556111;640000;Croatia;HRV
2008-01-01;0;0;Cuba;CUB
2008-01-01;119170;0;Cyprus;CYP
2008-01-01;22601142;14545000;Czech Republic;CZE
2008-01-01;72296864;5977000;Denmark;DNK
2008-01-01;0;0;Djibouti;DJI
2008-01-01;0;0;Dominican Republic;DOM
2008-01-01;7071408;0;Ecuador;ECU
2008-01-01;33590337;0;Egypt;EGY
2008-01-01;0;0;El Salvador;SLV
2008-01-01;0;0;Equatorial Guinea;GNQ
2008-01-01;0;0;Eritrea;ERI
2008-01-01;535645;0;Estonia;EST
2008-01-01;0;0;Ethiopia;ETH
2008-01-01;0;0;Fiji;FJI
2008-01-01;36763094;8295000;Finland;FIN
2008-01-01;99021368;8962000;France;FRA
2008-01-01;0;0;Gabon;GAB
2008-01-01;0;0;Gambia;GMB
2008-01-01;2549455;900000;Georgia;GEO
2008-01-01;0;0;Germany;DEU
2008-01-01;300000;0;Ghana;GHA
2008-01-01;83523116;119557000;Greece;GRC
2008-01-01;0;0;Guatemala;GTM
2008-01-01;0;0;Guinea;GIN
2008-01-01;0;0;Guinea-Bissau;GNB
2008-01-01;0;0;Guyana;GUY
2008-01-01;0;0;Haiti;HTI
2008-01-01;0;0;Honduras;HND
2008-01-01;9376206;250000;Hungary;HUN
2008-01-01;168844;0;Iceland;ISL
2008-01-01;51867123;1117000;India;IND
2008-01-01;7736806;281000;Indonesia;IDN
2008-01-01;0;0;Iran;IRN
2008-01-01;7159682;0;Iraq;IRQ
2008-01-01;2221813;827000;Ireland;IRL
2008-01-01;25083601;726000;Israel;ISR
2008-01-01;290240245;22425000;Italy;ITA
2008-01-01;0;0;Jamaica;JAM
2008-01-01;7982283;41000;Japan;JPN
2008-01-01;13813480;2129000;Jordan;JOR
2008-01-01;3296601;0;Kazakhstan;KAZ
2008-01-01;200913;0;Kenya;KEN
2008-01-01;0;0;Korea, Dem. Rep.;PRK
2008-01-01;1910348730;145457000;Korea, Rep.;KOR
2008-01-01;10024818;728000;Kuwait;KWT
2008-01-01;6512;0;Kyrgyzstan;KGZ
2008-01-01;0;0;Lao PR;LAO
2008-01-01;7291348;1461000;Latvia;LVA
2008-01-01;4086276;1303000;Lebanon;LBN
2008-01-01;29000;0;Lesotho;LSO
2008-01-01;0;0;Liberia;LBR
2008-01-01;4182317;0;Libya;LBY
2008-01-01;15226596;4194000;Lithuania;LTU
2008-01-01;5294385;1787000;Luxembourg;LUX
2008-01-01;420455;153000;Macedonia;MKD
2008-01-01;80;0;Madagascar;MDG
2008-01-01;0;0;Malawi;MWI
2008-01-01;21320959;3191000;Malaysia;MYS
2008-01-01;26892;0;Maldives;MDV
2008-01-01;28440;0;Mali;MLI
2008-01-01;0;0;Malta;MLT
2008-01-01;0;0;Mauritania;MRT
2008-01-01;37230;0;Mauritius;MUS
2008-01-01;922486;4064000;Mexico;MEX
2008-01-01;45318;0;Moldova;MDA
2008-01-01;15926;0;Mongolia;MNG
2008-01-01;0;0;Montenegro;MNE
2008-01-01;6510885;0;Morocco;MAR
2008-01-01;0;0;Mozambique;MOZ
2008-01-01;0;0;Myanmar;MMR
2008-01-01;265997;0;Namibia;NAM
2008-01-01;8646;0;Nepal;NPL
2008-01-01;248879823;97506000;Netherlands;NLD
2008-01-01;1048359;14000;New Zealand;NZL
2008-01-01;0;0;Nicaragua;NIC
2008-01-01;0;0;Niger;NER
2008-01-01;5383762;0;Nigeria;NGA
2008-01-01;96919833;26533000;Norway;NOR
2008-01-01;22491458;0;Oman;OMN
2008-01-01;93282488;3367000;Pakistan;PAK
2008-01-01;15870;0;Panama;PAN
2008-01-01;0;0;Papua New Guinea;PNG
2008-01-01;29219;0;Paraguay;PRY
2008-01-01;1911126;0;Peru;PER
2008-01-01;1059817;65000;Philippines;PHL
2008-01-01;21279188;2075000;Poland;POL
2008-01-01;10257541;763000;Portugal;PRT
2008-01-01;5239815;0;Puerto Rico;PRI
2008-01-01;5239815;0;Qatar;QAT
2008-01-01;2373560;4775000;Romania;ROU
2008-01-01;40984650;0;Russian Federation;RUS
2008-01-01;72000;0;Rwanda;RWA
2008-01-01;170379016;13085000;Saudi Arabia;SAU
2008-01-01;0;0;Senegal;SEN
2008-01-01;503757;0;Serbia;SRB
2008-01-01;1897;0;Seychelles;SYC
2008-01-01;0;0;Sierra Leone;SLE
2008-01-01;349740509;40313000;Singapore;SGP
2008-01-01;1959462;114000;Slovakia;SVK
2008-01-01;12148061;8070000;Slovenia;SVN
2008-01-01;0;0;Somalia;SOM
2008-01-01;14657781;180311000;South Africa;ZAF
2008-01-01;207349281;51739000;Spain;ESP
2008-01-01;0;0;Sri Lanka;LKA
2008-01-01;5486710;0;Sudan;SDN
2008-01-01;0;0;Suriname;SUR
2008-01-01;0;0;Swaziland;SWZ
2008-01-01;104429476;10054000;Sweden;SWE
2008-01-01;85536726;22833000;Switzerland;CHE
2008-01-01;0;0;Syrian Arab Republic;SYR
2008-01-01;11548683;0;Taiwan;TWN
2008-01-01;0;0;Tajikistan;TJK
2008-01-01;31229;0;Tanzania;TZA
2008-01-01;13421579;46000;Thailand;THA
2008-01-01;18030;16000;Timor-Leste;TLS
2008-01-01;0;0;Togo;TGO
2008-01-01;6736;0;Trinidad and Tobago;TTO
2008-01-01;69284;0;Tunisia;TUN
2008-01-01;43693111;63728000;Turkey;TUR
2008-01-01;69284;0;Turkmenistan;TKM
2008-01-01;0;0;Uganda;UGA
2008-01-01;14928377;0;Ukraine;UKR
2008-01-01;142071142;87774000;United Arab Emirates;ARE
2008-01-01;398791252;42781000;United Kingdom;GBR
2008-01-01;507080942;22974000;United States;USA
2008-01-01;952533;75000;Uruguay;URY
2008-01-01;0;0;Uzbekistan;UZB
2008-01-01;9000000;0;Venezuela;VEN
2008-01-01;513770;0;Viet Nam;VNM
2008-01-01;2590500;0;Yemen;YEM
2008-01-01;1145347;0;Zambia;ZMB
2008-01-01;0;0;Zimbabwe;ZWE
2009-01-01;54354931;0;Afghanistan;AFG
2009-01-01;593045;0;Albania;ALB
2009-01-01;8995218;0;Algeria;DZA
2009-01-01;11510825;0;Angola;AGO
2009-01-01;0;0;Antigua and Barbuda;ATG
2009-01-01;641157;0;Argentina;ARG
2009-01-01;0;0;Armenia;ARM
2009-01-01;105603937;47000;Australia;AUS
2009-01-01;99901096;500396000;Austria;AUT
2009-01-01;386800;0;Azerbaijan;AZE
2009-01-01;0;0;Bahamas;BHS
2009-01-01;2034770;0;Bahrain;BHR
2009-01-01;10491298;0;Bangladesh;BGD
2009-01-01;0;0;Barbados;BRB
2009-01-01;269427;0;Belarus;BLR
2009-01-01;30709026;68711000;Belgium;BEL
2009-01-01;0;0;Belize;BLZ
2009-01-01;0;0;Benin;BEN
2009-01-01;65670;179000;Bhutan;BTN
2009-01-01;0;0;Bolivia;BOL
2009-01-01;112700;0;Bosnia and Herzegovina;BIH
2009-01-01;16829580;0;Botswana;BWA
2009-01-01;115086260;17362000;Brazil;BRA
2009-01-01;433919897;0;Brunei Darussalam;BRN
2009-01-01;14567870;77000;Bulgaria;BGR
2009-01-01;16000;0;Burkina Faso;BFA
2009-01-01;0;0;Burundi;BDI
2009-01-01;0;0;Cambodia;KHM
2009-01-01;1044523;0;Cameroon;CMR
2009-01-01;72552767;212000;Canada;CAN
2009-01-01;0;0;Cape Verde;CPV
2009-01-01;0;0;Central African Republic;CAF
2009-01-01;235870;37000;Chad;TCD
2009-01-01;72430075;44918000;Chile;CHL
2009-01-01;1113563;97000;China;CHN
2009-01-01;68938020;0;Colombia;COL
2009-01-01;13968;0;Congo, DR;COD
2009-01-01;0;0;Congo, Rep.;COG
2009-01-01;2940;0;Costa Rica;CRI
2009-01-01;31599;0;Côte d`Ivoire;CIV
2009-01-01;6777237;181000;Croatia;HRV
2009-01-01;0;0;Cuba;CUB
2009-01-01;55887;0;Cyprus;CYP
2009-01-01;16959101;2991000;Czech Republic;CZE
2009-01-01;53683477;4026000;Denmark;DNK
2009-01-01;0;0;Djibouti;DJI
2009-01-01;1024237;0;Dominican Republic;DOM
2009-01-01;3609250;0;Ecuador;ECU
2009-01-01;77535778;702000;Egypt;EGY
2009-01-01;0;0;El Salvador;SLV
2009-01-01;0;0;Equatorial Guinea;GNQ
2009-01-01;0;0;Eritrea;ERI
2009-01-01;3434988;81000;Estonia;EST
2009-01-01;82218;0;Ethiopia;ETH
2009-01-01;0;0;Fiji;FJI
2009-01-01;54116316;10855000;Finland;FIN
2009-01-01;149791426;10650000;France;FRA
2009-01-01;0;0;Gabon;GAB
2009-01-01;0;0;Gambia;GMB
2009-01-01;27515;0;Georgia;GEO
2009-01-01;0;0;Germany;DEU
2009-01-01;0;0;Ghana;GHA
2009-01-01;15872406;42821000;Greece;GRC
2009-01-01;0;0;Guatemala;GTM
2009-01-01;0;0;Guinea;GIN
2009-01-01;0;0;Guinea-Bissau;GNB
2009-01-01;0;0;Guyana;GUY
2009-01-01;34832;31000;Haiti;HTI
2009-01-01;0;0;Honduras;HND
2009-01-01;4797454;0;Hungary;HUN
2009-01-01;57503;0;Iceland;ISL
2009-01-01;67920756;694000;India;IND
2009-01-01;1499168;503000;Indonesia;IDN
2009-01-01;0;0;Iran;IRN
2009-01-01;25586616;0;Iraq;IRQ
2009-01-01;1566005;133000;Ireland;IRL
2009-01-01;32632918;5145000;Israel;ISR
2009-01-01;147110312;38461000;Italy;ITA
2009-01-01;0;0;Jamaica;JAM
2009-01-01;11050356;205000;Japan;JPN
2009-01-01;9485373;0;Jordan;JOR
2009-01-01;3480935;0;Kazakhstan;KAZ
2009-01-01;3750;0;Kenya;KEN
2009-01-01;0;0;Korea, Dem. Rep.;PRK
2009-01-01;190028617;116078000;Korea, Rep.;KOR
2009-01-01;68120809;2210000;Kuwait;KWT
2009-01-01;8770;0;Kyrgyzstan;KGZ
2009-01-01;43549;0;Lao PR;LAO
2009-01-01;6464374;2632000;Latvia;LVA
2009-01-01;1213890;153000;Lebanon;LBN
2009-01-01;15500;0;Lesotho;LSO
2009-01-01;0;0;Liberia;LBR
2009-01-01;53154423;0;Libya;LBY
2009-01-01;10831938;10101000;Lithuania;LTU
2009-01-01;7710087;28000;Luxembourg;LUX
2009-01-01;220359;0;Macedonia;MKD
2009-01-01;0;0;Madagascar;MDG
2009-01-01;0;0;Malawi;MWI
2009-01-01;32977560;3495000;Malaysia;MYS
2009-01-01;0;0;Maldives;MDV
2009-01-01;142793;0;Mali;MLI
2009-01-01;0;0;Malta;MLT
2009-01-01;0;0;Mauritania;MRT
2009-01-01;36977;0;Mauritius;MUS
2009-01-01;5381325;2532000;Mexico;MEX
2009-01-01;760548;0;Moldova;MDA
2009-01-01;6782;0;Mongolia;MNG
2009-01-01;1089929;975000;Montenegro;MNE
2009-01-01;37242201;0;Morocco;MAR
2009-01-01;0;0;Mozambique;MOZ
2009-01-01;0;0;Myanmar;MMR
2009-01-01;1078844;0;Namibia;NAM
2009-01-01;0;0;Nepal;NPL
2009-01-01;147995159;103192000;Netherlands;NLD
2009-01-01;859673;43000;New Zealand;NZL
2009-01-01;0;0;Nicaragua;NIC
2009-01-01;0;0;Niger;NER
2009-01-01;1833457;0;Nigeria;NGA
2009-01-01;84101909;28537000;Norway;NOR
2009-01-01;12652524;2091000;Oman;OMN
2009-01-01;61654572;45538000;Pakistan;PAK
2009-01-01;0;0;Panama;PAN
2009-01-01;0;0;Papua New Guinea;PNG
2009-01-01;174;0;Paraguay;PRY
2009-01-01;20521412;4560000;Peru;PER
2009-01-01;710515;154000;Philippines;PHL
2009-01-01;33227094;882000;Poland;POL
2009-01-01;5540160;104000;Portugal;PRT
2009-01-01;1268542;0;Qatar;QAT
2009-01-01;85160968;6786000;Romania;ROU
2009-01-01;14433848;0;Russian Federation;RUS
2009-01-01;0;0;Rwanda;RWA
2009-01-01;167953616;8697000;Saudi Arabia;SAU
2009-01-01;25069;0;Senegal;SEN
2009-01-01;1455159;960000;Serbia;SRB
2009-01-01;0;0;Seychelles;SYC
2009-01-01;0;0;Sierra Leone;SLE
2009-01-01;165877370;20584000;Singapore;SGP
2009-01-01;1732386;577000;Slovakia;SVK
2009-01-01;2163679;30000;Slovenia;SVN
2009-01-01;0;0;Somalia;SOM
2009-01-01;26405780;3572000;South Africa;ZAF
2009-01-01;69656303;50900000;Spain;ESP
2009-01-01;273000;0;Sri Lanka;LKA
2009-01-01;995000;0;Sudan;SDN
2009-01-01;0;0;Suriname;SUR
2009-01-01;0;0;Swaziland;SWZ
2009-01-01;33951351;33177000;Sweden;SWE
2009-01-01;110290635;24767000;Switzerland;CHE
2009-01-01;55200;0;Syrian Arab Republic;SYR
2009-01-01;6984488;0;Taiwan;TWN
2009-01-01;0;0;Tajikistan;TJK
2009-01-01;15576;0;Tanzania;TZA
2009-01-01;27471705;2000;Thailand;THA
2009-01-01;0;0;Timor-Leste;TLS
2009-01-01;200000;0;Togo;TGO
2009-01-01;329052;0;Trinidad and Tobago;TTO
2009-01-01;3123481;0;Tunisia;TUN
2009-01-01;45557844;15929000;Turkey;TUR
2009-01-01;15780;0;Turkmenistan;TKM
2009-01-01;0;0;Uganda;UGA
2009-01-01;15678563;0;Ukraine;UKR
2009-01-01;540770113;43252000;United Arab Emirates;ARE
2009-01-01;448437303;35009000;United Kingdom;GBR
2009-01-01;668441436;21704000;United States;USA
2009-01-01;1050006;75000;Uruguay;URY
2009-01-01;0;0;Uzbekistan;UZB
2009-01-01;0;0;Venezuela;VEN
2009-01-01;2968783;0;Viet Nam;VNM
2009-01-01;230000;0;Yemen;YEM
2009-01-01;37770;0;Zambia;ZMB
2009-01-01;0;0;Zimbabwe;ZWE
2010-01-01;34193682;7963000;Afghanistan;AFG
2010-01-01;1621723;0;Albania;ALB
2010-01-01;19836443;0;Algeria;DZA
2010-01-01;1084965;0;Angola;AGO
2010-01-01;0;0;Antigua and Barbuda;ATG
2010-01-01;889462;0;Argentina;ARG
2010-01-01;0;0;Armenia;ARM
2010-01-01;18918401;191000;Australia;AUS
2010-01-01;79192651;14289000;Austria;AUT
2010-01-01;1180668;0;Azerbaijan;AZE
2010-01-01;0;0;Bahamas;BHS
2010-01-01;16424640;0;Bahrain;BHR
2010-01-01;57490;0;Bangladesh;BGD
2010-01-01;0;0;Barbados;BRB
2010-01-01;202613;0;Belarus;BLR
2010-01-01;19803489;66511000;Belgium;BEL
2010-01-01;0;0;Belize;BLZ
2010-01-01;0;0;Benin;BEN
2010-01-01;63268;61000;Bhutan;BTN
2010-01-01;499;0;Bolivia;BOL
2010-01-01;4087;0;Bosnia and Herzegovina;BIH
2010-01-01;470115;0;Botswana;BWA
2010-01-01;13398953;38548000;Brazil;BRA
2010-01-01;1036495;565000;Brunei Darussalam;BRN
2010-01-01;18777047;0;Bulgaria;BGR
2010-01-01;292286;0;Burkina Faso;BFA
2010-01-01;0;0;Burundi;BDI
2010-01-01;650;0;Cambodia;KHM
2010-01-01;100000;0;Cameroon;CMR
2010-01-01;37033618;14416000;Canada;CAN
2010-01-01;0;0;Cape Verde;CPV
2010-01-01;0;0;Central African Republic;CAF
2010-01-01;0;0;Chad;TCD
2010-01-01;16890576;24902000;Chile;CHL
2010-01-01;1645071;0;China;CHN
2010-01-01;5058377;0;Colombia;COL
2010-01-01;59814;0;Congo, DR;COD
2010-01-01;0;37079000;Congo, Rep.;COG
2010-01-01;6081;0;Costa Rica;CRI
2010-01-01;28900;0;Côte d`Ivoire;CIV
2010-01-01;6227982;28000;Croatia;HRV
2010-01-01;0;0;Cuba;CUB
2010-01-01;534932;146000;Cyprus;CYP
2010-01-01;16971439;6889000;Czech Republic;CZE
2010-01-01;23821627;7737000;Denmark;DNK
2010-01-01;0;0;Djibouti;DJI
2010-01-01;346052;0;Dominican Republic;DOM
2010-01-01;3419814;0;Ecuador;ECU
2010-01-01;21043959;13000;Egypt;EGY
2010-01-01;0;0;El Salvador;SLV
2010-01-01;12390;0;Equatorial Guinea;GNQ
2010-01-01;0;0;Eritrea;ERI
2010-01-01;70724;188000;Estonia;EST
2010-01-01;0;0;Ethiopia;ETH
2010-01-01;0;0;Fiji;FJI
2010-01-01;18114061;1804000;Finland;FIN
2010-01-01;197653578;29083000;France;FRA
2010-01-01;500;0;Gabon;GAB
2010-01-01;0;0;Gambia;GMB
2010-01-01;350;0;Georgia;GEO
2010-01-01;0;0;Germany;DEU
2010-01-01;0;0;Ghana;GHA
2010-01-01;35799664;403487000;Greece;GRC
2010-01-01;0;0;Guatemala;GTM
2010-01-01;0;0;Guinea;GIN
2010-01-01;0;0;Guinea-Bissau;GNB
2010-01-01;0;0;Guyana;GUY
2010-01-01;29650;0;Haiti;HTI
2010-01-01;0;0;Honduras;HND
2010-01-01;18275102;26000;Hungary;HUN
2010-01-01;94550;0;Iceland;ISL
2010-01-01;96856031;2453000;India;IND
2010-01-01;5905787;189000;Indonesia;IDN
2010-01-01;0;0;Iran;IRN
2010-01-01;54288193;27572000;Iraq;IRQ
2010-01-01;1918052;20000;Ireland;IRL
2010-01-01;31620418;1104000;Israel;ISR
2010-01-01;183755503;9458000;Italy;ITA
2010-01-01;0;0;Jamaica;JAM
2010-01-01;15731155;398000;Japan;JPN
2010-01-01;1412036;0;Jordan;JOR
2010-01-01;100000;0;Kazakhstan;KAZ
2010-01-01;138220;0;Kenya;KEN
2010-01-01;0;0;Korea, Dem. Rep.;PRK
2010-01-01;270862393;37079000;Korea, Rep.;KOR
2010-01-01;19657731;7413000;Kuwait;KWT
2010-01-01;34476;0;Kyrgyzstan;KGZ
2010-01-01;0;0;Lao PR;LAO
2010-01-01;53148959;2582000;Latvia;LVA
2010-01-01;832143;58000;Lebanon;LBN
2010-01-01;17050;0;Lesotho;LSO
2010-01-01;0;0;Liberia;LBR
2010-01-01;6109934;0;Libya;LBY
2010-01-01;1523377;241000;Lithuania;LTU
2010-01-01;41935380;88000;Luxembourg;LUX
2010-01-01;105501;0;Macedonia;MKD
2010-01-01;0;0;Madagascar;MDG
2010-01-01;0;0;Malawi;MWI
2010-01-01;40546678;709000;Malaysia;MYS
2010-01-01;0;0;Maldives;MDV
2010-01-01;1263500;0;Mali;MLI
2010-01-01;1445677;0;Malta;MLT
2010-01-01;0;0;Mauritania;MRT
2010-01-01;50128;0;Mauritius;MUS
2010-01-01;2643267;87000;Mexico;MEX
2010-01-01;0;0;Moldova;MDA
2010-01-01;187925;0;Mongolia;MNG
2010-01-01;1505045;1342000;Montenegro;MNE
2010-01-01;13205833;0;Morocco;MAR
2010-01-01;0;0;Mozambique;MOZ
2010-01-01;0;0;Myanmar;MMR
2010-01-01;905921;0;Namibia;NAM
2010-01-01;0;0;Nepal;NPL
2010-01-01;155398287;32645000;Netherlands;NLD
2010-01-01;1195492;7000;New Zealand;NZL
2010-01-01;0;0;Nicaragua;NIC
2010-01-01;0;0;Niger;NER
2010-01-01;2813565;0;Nigeria;NGA
2010-01-01;81511830;32610000;Norway;NOR
2010-01-01;19530748;0;Oman;OMN
2010-01-01;96677141;64952000;Pakistan;PAK
2010-01-01;160000;0;Panama;PAN
2010-01-01;0;0;Papua New Guinea;PNG
2010-01-01;0;0;Paraguay;PRY
2010-01-01;5609551;3900000;Peru;PER
2010-01-01;1842405;259000;Philippines;PHL
2010-01-01;14999804;1371000;Poland;POL
2010-01-01;811739201;812111000;Portugal;PRT
2010-01-01;3992358;21345000;Qatar;QAT
2010-01-01;24677404;0;Romania;ROU
2010-01-01;18603468;0;Russian Federation;RUS
2010-01-01;0;0;Rwanda;RWA
2010-01-01;152492937;30300000;Saudi Arabia;SAU
2010-01-01;77394;0;Senegal;SEN
2010-01-01;386918;0;Serbia;SRB
2010-01-01;0;0;Seychelles;SYC
2010-01-01;0;0;Sierra Leone;SLE
2010-01-01;54027445;169532000;Singapore;SGP
2010-01-01;947623;577000;Slovakia;SVK
2010-01-01;4402248;2603000;Slovenia;SVN
2010-01-01;3000000;0;Somalia;SOM
2010-01-01;22168247;4272000;South Africa;ZAF
2010-01-01;84310026;76547000;Spain;ESP
2010-01-01;0;0;Sri Lanka;LKA
2010-01-01;866015;0;Sudan;SDN
2010-01-01;0;0;Suriname;SUR
2010-01-01;0;0;Swaziland;SWZ
2010-01-01;50739157;14429000;Sweden;SWE
2010-01-01;92668660;7655000;Switzerland;CHE
2010-01-01;0;0;Syrian Arab Republic;SYR
2010-01-01;8727802;0;Taiwan;TWN
2010-01-01;199360;0;Tajikistan;TJK
2010-01-01;1135772;0;Tanzania;TZA
2010-01-01;13031489;27000;Thailand;THA
2010-01-01;0;0;Timor-Leste;TLS
2010-01-01;131152;0;Togo;TGO
2010-01-01;13175;0;Trinidad and Tobago;TTO
2010-01-01;1648124;0;Tunisia;TUN
2010-01-01;198967974;12110000;Turkey;TUR
2010-01-01;8335780;0;Turkmenistan;TKM
2010-01-01;98650;0;Uganda;UGA
2010-01-01;3573980;0;Ukraine;UKR
2010-01-01;262513354;36285000;United Arab Emirates;ARE
2010-01-01;455052078;52820000;United Kingdom;GBR
2010-01-01;602094020;34676000;United States;USA
2010-01-01;137642;0;Uruguay;URY
2010-01-01;0;0;Uzbekistan;UZB
2010-01-01;5139486;0;Venezuela;VEN
2010-01-01;3507588;0;Viet Nam;VNM
2010-01-01;120000;0;Yemen;YEM
2010-01-01;29075;0;Zambia;ZMB
2010-01-01;4036;0;Zimbabwe;ZWE
2011-01-01;25211656;0;Afghanistan;AFG
2011-01-01;133302;5000;Albania;ALB
2011-01-01;217433476;0;Algeria;DZA
2011-01-01;0;0;American Samoa;ASM
2011-01-01;243102;0;Andorra;AND
2011-01-01;1166670;0;Angola;AGO
2011-01-01;0;0;Antarctica;ATA
2011-01-01;0;0;Antigua and Barbuda;ATG
2011-01-01;2871558;303000;Argentina;ARG
2011-01-01;0;0;Armenia;ARM
2011-01-01;0;0;Aruba;ABW
2011-01-01;27614128;771000;Australia;AUS
2011-01-01;27208144;6427000;Austria;AUT
2011-01-01;331800;0;Azerbaijan;AZE
2011-01-01;0;0;Bahamas;BHS
2011-01-01;537705;0;Bahrain;BHR
2011-01-01;356128;0;Bangladesh;BGD
2011-01-01;210;0;Barbados;BRB
2011-01-01;495471;0;Belarus;BLR
2011-01-01;17371154;28185000;Belgium;BEL
2011-01-01;0;0;Belize;BLZ
2011-01-01;0;0;Benin;BEN
2011-01-01;0;0;Bermuda;BMU
2011-01-01;0;0;Bhutan;BTN
2011-01-01;0;0;Bolivia;BOL
2011-01-01;100859;0;Bosnia and Herzegovina;BIH
2011-01-01;202007;0;Botswana;BWA
2011-01-01;64295917;49262000;Brazil;BRA
2011-01-01;540788;304052000;Brunei;BRN
2011-01-01;2971688;9000;Bulgaria;BGR
2011-01-01;490;0;Burkina Faso;BFA
2011-01-01;0;0;Burundi;BDI
2011-01-01;0;0;Cambodia;KHM
2011-01-01;5888;0;Cameroon;CMR
2011-01-01;114379781;40598000;Canada;CAN
2011-01-01;0;0;Cape Verde;CPV
2011-01-01;0;0;Central African Republic;CAF
2011-01-01;0;0;Chad;TCD
2011-01-01;26629599;9978000;Chile;CHL
2011-01-01;20297625;0;China;CHN
2011-01-01;16891421;0;Colombia;COL
2011-01-01;0;0;Comoros;COM
2011-01-01;1366850;0;Congo, Democratic Republic of the ;COD
2011-01-01;0;0;Congo, Republic of;COG
2011-01-01;710;0;Costa Rica;CRI
2011-01-01;240959;0;Cote D'Ivoire;CIV
2011-01-01;5345530;12000;Croatia;HRV
2011-01-01;0;0;Cuba;CUB
2011-01-01;44288;0;Cyprus;CYP
2011-01-01;7577654;104000;Czech Republic;CZE
2011-01-01;35874804;70000;Denmark;DNK
2011-01-01;0;0;Djibouti;DJI
2011-01-01;0;0;Dominica;DMA
2011-01-01;91999;0;Dominican Republic;DOM
2011-01-01;1658770;0;Ecuador;ECU
2011-01-01;74203247;0;Egypt;EGY
2011-01-01;0;0;El Salvador;SLV
2011-01-01;0;0;Equatorial Guinea;GNQ
2011-01-01;0;0;Eritrea;ERI
2011-01-01;881999;105000;Estonia;EST
2011-01-01;420621;0;Ethiopia;ETH
2011-01-01;0;0;Fiji;FJI
2011-01-01;73749301;1014000;Finland;FIN
2011-01-01;152279321;11794000;France;FRA
2011-01-01;0;0;French Guayana;GUF
2011-01-01;4831;0;French Polynesia;PYF
2011-01-01;200000;0;Gabon;GAB
2011-01-01;0;0;Gambia;GMB
2011-01-01;60000;0;Georgia;GEO
2011-01-01;0;0;Germany;DEU
2011-01-01;31813000;0;Ghana;GHA
2011-01-01;12519879;7077000;Greece;GRC
2011-01-01;19570;0;Greenland;GRL
2011-01-01;0;0;Grenada;GRD
2011-01-01;0;0;Guatemala;GTM
2011-01-01;0;0;Guinea;GIN
2011-01-01;0;0;Guinea-Bissau;GNB
2011-01-01;0;0;Guyana;GUY
2011-01-01;55700;0;Haiti;HTI
2011-01-01;0;0;Honduras;HND
2011-01-01;252827;189000;Hongkong;HKG
2011-01-01;2380947;405000;Hungary;HUN
2011-01-01;97545;0;Iceland;ISL
2011-01-01;90056370;162000;India;IND
2011-01-01;9178012;650000;Indonesia;IDN
2011-01-01;473884;0;Iran;IRN
2011-01-01;244306569;159465000;Iraq;IRQ
2011-01-01;3306741;0;Ireland;IRL
2011-01-01;62905618;245000;Israel;ISR
2011-01-01;224924126;24275000;Italy;ITA
2011-01-01;0;0;Jamaica;JAM
2011-01-01;16171652;158000;Japan;JPN
2011-01-01;924914;0;Jordan;JOR
2011-01-01;4225094;0;Kazakhstan;KAZ
2011-01-01;38000;0;Kenya;KEN
2011-01-01;0;0;Kiribati;KIR
2011-01-01;0;0;Korea, Democratic People's Republic of ;PRK
2011-01-01;198640296;75290000;Korea, Republic of;KOR
2011-01-01;1156035;978000;Kosovo;123
2011-01-01;34317065;0;Kuwait;KWT
2011-01-01;56197;0;Kyrgyzstan;KGZ
2011-01-01;0;0;Laos;LAO
2011-01-01;2407134;0;Latvia;LVA
2011-01-01;1203536;30000;Lebanon;LBN
2011-01-01;0;0;Lesotho;LSO
2011-01-01;0;0;Liberia;LBR
2011-01-01;3891315;0;Libya;LBY
2011-01-01;117711;0;Liechtenstein;LIE
2011-01-01;3707686;137000;Lithuania;LTU
2011-01-01;15681229;152000;Luxembourg;LUX
2011-01-01;1215;0;Macao;MAC
2011-01-01;5819;0;Macedonia;MKD
2011-01-01;550;0;Madagascar;MDG
2011-01-01;0;0;Malawi;MWI
2011-01-01;14342467;11000;Malaysia;MYS
2011-01-01;0;0;Maldives;MDV
2011-01-01;783000;0;Mali;MLI
2011-01-01;1474235;0;Malta;MLT
2011-01-01;0;0;Marshall Islands;MHL
2011-01-01;0;0;Martinique;MTQ
2011-01-01;0;0;Mauritania;MRT
2011-01-01;52035;0;Mauritius;MUS
2011-01-01;3333804;0;Mexico;MEX
2011-01-01;0;0;Micronesia, Federated States of;FSM
2011-01-01;4159;0;Moldova;MDA
2011-01-01;0;0;Monaco;MCO
2011-01-01;212565;0;Mongolia;MNG
2011-01-01;0;0;Montenegro;MNE
2011-01-01;0;0;Montserrat;MSR
2011-01-01;6552778;0;Morocco;MAR
2011-01-01;13420;0;Mozambique;MOZ
2011-01-01;0;0;Myanmar;MMR
2011-01-01;588508;0;Namibia;NAM
2011-01-01;0;0;Nauru;NRU
2011-01-01;0;0;Nepal;NPL
2011-01-01;863418533;10339000;Netherlands;NLD
2011-01-01;0;0;Netherlands Antilles;ANT
2011-01-01;84744;0;New Caledonia;NCL
2011-01-01;11654256;363000;New Zealand;NZL
2011-01-01;0;0;Nicaragua;NIC
2011-01-01;0;0;Niger;NER
2011-01-01;8598980;0;Nigeria;NGA
2011-01-01;0;0;Niue;NIU
2011-01-01;120079326;22445000;Norway;NOR
2011-01-01;32194142;2918000;Oman;OMN
2011-01-01;14077744;0;Pakistan;PAK
2011-01-01;0;0;Palau;PLW
2011-01-01;0;0;Palestinian Territories;PSE
2011-01-01;0;0;Panama;PAN
2011-01-01;0;0;Papua New Guinea;PNG
2011-01-01;500;0;Paraguay;PRY
2011-01-01;17578978;0;Peru;PER
2011-01-01;531086;378000;Philippines;PHL
2011-01-01;39170687;42361000;Poland;POL
2011-01-01;3180031;175000;Portugal;PRT
2011-01-01;0;0;Puerto Rico;PRI
2011-01-01;6147304;0;Qatar;QAT
2011-01-01;2511073;2191000;Romania;ROU
2011-01-01;144108649;0;Russia;RUS
2011-01-01;0;0;Rwanda;RWA
2011-01-01;0;0;Saint Kitts and Nevis;KNA
2011-01-01;0;0;Saint Lucia;LCA
2011-01-01;0;0;Saint Vincent and the Grenadines;VCT
2011-01-01;0;0;Samoa;WSM
2011-01-01;1540;0;San Marino;SMR
2011-01-01;0;0;Sao Tome and Principe;STP
2011-01-01;139550035;29599000;Saudi Arabia;SAU
2011-01-01;0;0;Senegal;SEN
2011-01-01;479606;61000;Serbia;SRB
2011-01-01;0;0;seychelles;SYC
2011-01-01;0;0;Sierra Leone;SLE
2011-01-01;343799588;210773000;Singapore;SGP
2011-01-01;657496;4000;Slovakia;SVK
2011-01-01;6534737;6446000;Slovenia;SVN
2011-01-01;0;0;Solomon Islands;SLB
2011-01-01;52000;0;Somalia;SOM
2011-01-01;19920479;149000;South Africa;ZAF
2011-01-01;1485000;0;South Sudan;SSD
2011-01-01;0;0;Soviet Union;SUN
2011-01-01;67043909;23889000;Spain;ESP
2011-01-01;651000;0;Sri Lanka;LKA
2011-01-01;4342;0;St. Helena;SHN
2011-01-01;1045807;0;Sudan;SDN
2011-01-01;0;0;Suriname;SUR
2011-01-01;0;0;Swaziland;SWZ
2011-01-01;67128469;6374000;Sweden;SWE
2011-01-01;120079326;25370000;Switzerland;CHE
2011-01-01;149484;0;Syria;SYR
2011-01-01;8693024;0;Taiwan;TWN
2011-01-01;519764;0;Tajikistan;TJK
2011-01-01;13042;0;Tanzania;TZA
2011-01-01;9327100;1724000;Thailand;THA
2011-01-01;7730;0;Timor-Leste;TLS
2011-01-01;214816;0;Togo;TGO
2011-01-01;0;0;Tokelau;TKL
2011-01-01;0;0;Tonga;TON
2011-01-01;65712;0;Trinidad and Tobago;TTO
2011-01-01;3958787;0;Tunisia;TUN
2011-01-01;139547059;66989000;Turkey;TUR
2011-01-01;2827716;0;Turkmenistan;TKM
2011-01-01;0;0;Tuvalu;TUV
2011-01-01;104140;0;Uganda;UGA
2011-01-01;3693893;0;Ukraine;UKR
2011-01-01;356884496;33758000;United Arab Emirates;ARE
2011-01-01;320114548;47762000;United Kingdom;GBR
2011-01-01;631958128;28691000;United States;USA
2011-01-01;10629;0;Uruguay;URY
2011-01-01;0;0;Uzbekistan;UZB
2011-01-01;0;0;Vanuatu;VUT
2011-01-01;0;0;Vatican;VAT
2011-01-01;4512000;0;Venezuela;VEN
2011-01-01;10736859;0;Vietnam;VNM
2011-01-01;0;0;Westernsahara;ESH
2011-01-01;0;0;Yemen;YEM
2011-01-01;613789;0;Zambia;ZMB
2011-01-01;0;0;Zimbabwe;ZWE
2012-01-01;9856604;3325000;Afghanistan;AFG
2012-01-01;0;0;Albania;ALB
2012-01-01;286720740;0;Algeria;DZA
2012-01-01;0;0;American Samoa;ASM
2012-01-01;213267;0;Andorra;AND
2012-01-01;1390553;0;Angola;AGO
2012-01-01;0;0;Antarctica;ATA
2012-01-01;0;0;Antigua and Barbuda;ATG
2012-01-01;1409036;0;Argentina;ARG
2012-01-01;0;0;Armenia;ARM
2012-01-01;0;0;Aruba;ABW
2012-01-01;19606648;88000;Australia;AUS
2012-01-01;25067206;3597000;Austria;AUT
2012-01-01;0;0;Azerbaijan;AZE
2012-01-01;0;0;Bahamas;BHS
2012-01-01;4326961;0;Bahrain;BHR
2012-01-01;361338;0;Bangladesh;BGD
2012-01-01;0;0;Barbados;BRB
2012-01-01;23962;0;Belarus;BLR
2012-01-01;25792488;2535000;Belgium;BEL
2012-01-01;0;0;Belize;BLZ
2012-01-01;35000;0;Benin;BEN
2012-01-01;0;0;Bermuda;BMU
2012-01-01;656;0;Bhutan;BTN
2012-01-01;0;0;Bolivia;BOL
2012-01-01;103767;0;Bosnia and Herzegovina;BIH
2012-01-01;1724170;0;Botswana;BWA
2012-01-01;13508456;1753000;Brazil;BRA
2012-01-01;2023793;0;Brunei;BRN
2012-01-01;427340;266000;Bulgaria;BGR
2012-01-01;313400;0;Burkina Faso;BFA
2012-01-01;0;0;Burundi;BDI
2012-01-01;0;0;Cambodia;KHM
2012-01-01;3165776;0;Cameroon;CMR
2012-01-01;208308133;7335000;Canada;CAN
2012-01-01;35000;0;Cape Verde;CPV
2012-01-01;795;0;Central African Republic;CAF
2012-01-01;142436;0;Chad;TCD
2012-01-01;25471125;6724000;Chile;CHL
2012-01-01;5757715;0;China;CHN
2012-01-01;34683339;0;Colombia;COL
2012-01-01;0;0;Comoros;COM
2012-01-01;522870;23000;Congo, Democratic Republic of the ;COD
2012-01-01;0;0;Congo, Republic of;COG
2012-01-01;30030;0;Costa Rica;CRI
2012-01-01;287120;0;Cote D'Ivoire;CIV
2012-01-01;5219773;0;Croatia;HRV
2012-01-01;7403;0;Cuba;CUB
2012-01-01;177008;0;Cyprus;CYP
2012-01-01;5079907;387000;Czech Republic;CZE
2012-01-01;26406238;5698000;Denmark;DNK
2012-01-01;0;0;Djibouti;DJI
2012-01-01;0;0;Dominica;DMA
2012-01-01;0;0;Dominican Republic;DOM
2012-01-01;3861798;0;Ecuador;ECU
2012-01-01;10696967;0;Egypt;EGY
2012-01-01;1167;0;El Salvador;SLV
2012-01-01;6900;0;Equatorial Guinea;GNQ
2012-01-01;0;0;Eritrea;ERI
2012-01-01;1261093;0;Estonia;EST
2012-01-01;169200;0;Ethiopia;ETH
2012-01-01;0;0;Fiji;FJI
2012-01-01;17967308;159000;Finland;FIN
2012-01-01;168902133;12389000;France;FRA
2012-01-01;0;0;French Guayana;GUF
2012-01-01;0;0;French Polynesia;PYF
2012-01-01;9884;0;Gabon;GAB
2012-01-01;0;0;Gambia;GMB
2012-01-01;139;0;Georgia;GEO
2012-01-01;0;0;Germany;DEU
2012-01-01;131442;26984000;Ghana;GHA
2012-01-01;1376;0;Gibraltar;GIB
2012-01-01;7433275;1620000;Greece;GRC
2012-01-01;18269;0;Greenland;GRL
2012-01-01;0;0;Grenada;GRD
2012-01-01;0;0;Guatemala;GTM
2012-01-01;0;0;Guinea;GIN
2012-01-01;5600;0;Guinea-Bissau;GNB
2012-01-01;0;0;Guyana;GUY
2012-01-01;213950;91000;Haiti;HTI
2012-01-01;0;0;Honduras;HND
2012-01-01;101861;15000;Hongkong;HKG
2012-01-01;4758591;315000;Hungary;HUN
2012-01-01;46859;0;Iceland;ISL
2012-01-01;97192621;18022000;India;IND
2012-01-01;9447814;587000;Indonesia;IDN
2012-01-01;0;0;Iran;IRN
2012-01-01;112651920;125603000;Iraq;IRQ
2012-01-01;2720882;0;Ireland;IRL
2012-01-01;49108100;991000;Israel;ISR
2012-01-01;121903457;58443000;Italy;ITA
2012-01-01;0;0;Jamaica;JAM
2012-01-01;12924851;232000;Japan;JPN
2012-01-01;1140790;24000;Jordan;JOR
2012-01-01;4935700;0;Kazakhstan;KAZ
2012-01-01;9400;0;Kenya;KEN
2012-01-01;0;0;Kiribati;KIR
2012-01-01;0;0;Korea, Democratic People's Republic of ;PRK
2012-01-01;148210428;262499000;Korea, Republic of;KOR
2012-01-01;1519135;1133000;Kosovo;123
2012-01-01;29372736;885000;Kuwait;KWT
2012-01-01;21897;0;Kyrgyzstan;KGZ
2012-01-01;0;0;Laos;LAO
2012-01-01;3594861;0;Latvia;LVA
2012-01-01;753625;74000;Lebanon;LBN
2012-01-01;0;0;Lesotho;LSO
2012-01-01;30000;0;Liberia;LBR
2012-01-01;1175367;0;Libya;LBY
2012-01-01;189374;0;Liechtenstein;LIE
2012-01-01;3834924;0;Lithuania;LTU
2012-01-01;2242218;0;Luxembourg;LUX
2012-01-01;0;0;Macao;MAC
2012-01-01;13349;0;Macedonia;MKD
2012-01-01;0;0;Madagascar;MDG
2012-01-01;0;0;Malawi;MWI
2012-01-01;25512448;12000;Malaysia;MYS
2012-01-01;0;0;Maldives;MDV
2012-01-01;0;0;Mali;MLI
2012-01-01;30000;0;Malta;MLT
2012-01-01;0;0;Marshall Islands;MHL
2012-01-01;0;0;Martinique;MTQ
2012-01-01;96550;0;Mauritania;MRT
2012-01-01;84949;0;Mauritius;MUS
2012-01-01;6991920;0;Mexico;MEX
2012-01-01;0;0;Micronesia, Federated States of;FSM
2012-01-01;85;0;Moldova;MDA
2012-01-01;0;0;Monaco;MCO
2012-01-01;2677117;0;Mongolia;MNG
2012-01-01;175448;123000;Montenegro;MNE
2012-01-01;0;0;Montserrat;MSR
2012-01-01;4772614;0;Morocco;MAR
2012-01-01;0;0;Mozambique;MOZ
2012-01-01;0;0;Myanmar;MMR
2012-01-01;581096;0;Namibia;NAM
2012-01-01;0;0;Nauru;NRU
2012-01-01;115830;0;Nepal;NPL
2012-01-01;75942747;12611000;Netherlands;NLD
2012-01-01;0;0;Netherlands Antilles;ANT
2012-01-01;128299;0;New Caledonia;NCL
2012-01-01;3790566;0;New Zealand;NZL
2012-01-01;0;0;Nicaragua;NIC
2012-01-01;0;0;Niger;NER
2012-01-01;5946495;0;Nigeria;NGA
2012-01-01;0;0;Niue;NIU
2012-01-01;43745725;35171000;Norway;NOR
2012-01-01;8123140;430000;Oman;OMN
2012-01-01;33135324;19333000;Pakistan;PAK
2012-01-01;0;0;Palau;PLW
2012-01-01;0;0;Palestinian Territories;PSE
2012-01-01;0;0;Panama;PAN
2012-01-01;0;0;Papua New Guinea;PNG
2012-01-01;0;0;Paraguay;PRY
2012-01-01;415325;0;Peru;PER
2012-01-01;1108159;610000;Philippines;PHL
2012-01-01;95996108;79749000;Poland;POL
2012-01-01;7345151;88000;Portugal;PRT
2012-01-01;0;0;Puerto Rico;PRI
2012-01-01;17565455;0;Qatar;QAT
2012-01-01;101056;24000;Romania;ROU
2012-01-01;40415406;0;Russia;RUS
2012-01-01;0;0;Rwanda;RWA
2012-01-01;0;0;Saint Helena, Ascension and Tristan da Cunha;SHN
2012-01-01;0;0;Saint Kitts and Nevis;KNA
2012-01-01;0;0;Saint Lucia;LCA
2012-01-01;0;0;Saint Vincent and the Grenadines;VCT
2012-01-01;0;0;Samoa;WSM
2012-01-01;290;0;San Marino;SMR
2012-01-01;0;0;Sao Tome and Principe;STP
2012-01-01;1237288814;9895000;Saudi Arabia;SAU
2012-01-01;0;0;Senegal;SEN
2012-01-01;409092;0;Serbia;SRB
2012-01-01;15000;0;Seychelles;SYC
2012-01-01;204000;0;Sierra Leone;SLE
2012-01-01;146483047;58114000;Singapore;SGP
2012-01-01;157691;0;Slovakia;SVK
2012-01-01;285982;4000;Slovenia;SVN
2012-01-01;0;0;Solomon Islands;SLB
2012-01-01;137698;0;Somalia;SOM
2012-01-01;14732392;29000;South Africa;ZAF
2012-01-01;939199;0;South Sudan;SSD
2012-01-01;65871721;43005000;Spain;ESP
2012-01-01;286;0;Sri Lanka;LKA
2012-01-01;632600;0;Sudan;SDN
2012-01-01;0;0;Suriname;SUR
2012-01-01;0;0;Swaziland;SWZ
2012-01-01;73742897;9548000;Sweden;SWE
2012-01-01;149884059;12930000;Switzerland;CHE
2012-01-01;6935429;0;Syria;SYR
2012-01-01;23005974;0;Taiwan;TWN
2012-01-01;0;0;Tajikistan;TJK
2012-01-01;871342;0;Tanzania;TZA
2012-01-01;11373826;1803000;Thailand;THA
2012-01-01;860;0;Timor-Leste;TLS
2012-01-01;205000;0;Togo;TGO
2012-01-01;0;0;Tokelau;TKL
2012-01-01;0;0;Tonga;TON
2012-01-01;904;0;Trinidad and Tobago;TTO
2012-01-01;2081942;0;Tunisia;TUN
2012-01-01;89093341;18230000;Turkey;TUR
2012-01-01;3828015;0;Turkmenistan;TKM
2012-01-01;0;0;Tuvalu;TUV
2012-01-01;0;0;Uganda;UGA
2012-01-01;4972995;0;Ukraine;UKR
2012-01-01;124890019;21795000;United Arab Emirates;ARE
2012-01-01;234417027;33307000;United Kingdom;GBR
2012-01-01;596000404;47434000;United States;USA
2012-01-01;293654;0;Uruguay;URY
2012-01-01;290940;0;Uzbekistan;UZB
2012-01-01;0;0;Vanuatu;VUT
2012-01-01;0;0;Vatican;VAT
2012-01-01;0;0;Venezuela;VEN
2012-01-01;12934087;0;Vietnam;VNM
2012-01-01;0;0;Westernsahara;ESH
2012-01-01;0;0;Yemen;YEM
2012-01-01;411129;0;Zambia;ZMB
2012-01-01;0;0;Zimbabwe;ZWE
2013-01-01;965398;38520;Afghanistan;AFG
2013-01-01;0;0;Albania;ALB
2013-01-01;825726128;27639122;Algeria;DZA
2013-01-01;968633;0;Angola;AGO
2013-01-01;0;0;Antigua and Barbuda;ATG
2013-01-01;11485237;0;Argentina;ARG
2013-01-01;654;0;Armenia;ARM
2013-01-01;35328161;0;Australia;AUS
2013-01-01;87167261;0;Austria;AUT
2013-01-01;354800;0;Azerbaijan;AZE
2013-01-01;0;0;Bahamas;BHS
2013-01-01;12857264;0;Bahrain;BHR
2013-01-01;100468;0;Bangladesh;BGD
2013-01-01;51519;0;Barbados;BRB
2013-01-01;1115;0;Belarus;BLR
2013-01-01;63055756;0;Belgium;BEL
2013-01-01;0;0;Belize;BLZ
2013-01-01;0;0;Benin;BEN
2013-01-01;0;0;Bhutan;BTN
2013-01-01;0;0;Bolivia;BOL
2013-01-01;218491;0;Bosnia and Herzegovina;BIH
2013-01-01;315136;0;Botswana;BWA
2013-01-01;53333654;22054034;Brazil;BRA
2013-01-01;3663621;335103;Brunei Darussalam;BRN
2013-01-01;407739;0;Bulgaria;BGR
2013-01-01;0;0;Burkina Faso;BFA
2013-01-01;0;0;Burundi;BDI
2013-01-01;27432;0;Cambodia;KHM
2013-01-01;66150;0;Cameroon;CMR
2013-01-01;133944212;0;Canada;CAN
2013-01-01;16410;0;Cape Verde;CPV
2013-01-01;0;0;Central African Republic;CAF
2013-01-01;0;0;Chad;TCD
2013-01-01;22425730;38127;Chile;CHL
2013-01-01;16977662;0;China;CHN
2013-01-01;50292687;7900000;Colombia;COL
2013-01-01;778556;19000;Congo, DR;COD
2013-01-01;0;0;Congo, Rep.;COG
2013-01-01;2950000;0;Costa Rica;CRI
2013-01-01;571969;0;Côte d`Ivoire;CIV
2013-01-01;561807;0;Croatia;HRV
2013-01-01;0;0;Cuba;CUB
2013-01-01;12790;0;Cyprus;CYP
2013-01-01;10413139;0;Czech Republic;CZE
2013-01-01;27440044;0;Denmark;DNK
2013-01-01;0;0;Djibouti;DJI
2013-01-01;0;0;Dominican Republic;DOM
2013-01-01;3417281;0;Ecuador;ECU
2013-01-01;13192214;0;Egypt;EGY
2013-01-01;0;0;El Salvador;SLV
2013-01-01;0;0;Equatorial Guinea;GNQ
2013-01-01;0;0;Eritrea;ERI
2013-01-01;2851880;0;Estonia;EST
2013-01-01;195000;0;Ethiopia;ETH
2013-01-01;0;0;Fiji;FJI
2013-01-01;23244674;0;Finland;FIN
2013-01-01;146593634;0;France;FRA
2013-01-01;20900;0;Gabon;GAB
2013-01-01;0;0;Gambia;GMB
2013-01-01;7060;0;Georgia;GEO
2013-01-01;0;0;Germany;DEU
2013-01-01;1258937;0;Ghana;GHA
2013-01-01;13695794;0;Greece;GRC
2013-01-01;0;0;Guatemala;GTM
2013-01-01;0;0;Guinea;GIN
2013-01-01;0;0;Guinea-Bissau;GNB
2013-01-01;0;0;Guyana;GUY
2013-01-01;164070;125400;Haiti;HTI
2013-01-01;0;0;Honduras;HND
2013-01-01;20691586;0;Hungary;HUN
2013-01-01;130898;0;Iceland;ISL
2013-01-01;107765686;24646629;India;IND
2013-01-01;295707513;184097948;Indonesia;IDN
2013-01-01;0;0;Iran;IRN
2013-01-01;21348625;5640;Iraq;IRQ
2013-01-01;3538913;0;Ireland;IRL
2013-01-01;266550442;57495665;Israel;ISR
2013-01-01;135806781;0;Italy;ITA
2013-01-01;0;0;Jamaica;JAM
2013-01-01;20965049;0;Japan;JPN
2013-01-01;10101955;2543400;Jordan;JOR
2013-01-01;7976550;0;Kazakhstan;KAZ
2013-01-01;479560;0;Kenya;KEN
2013-01-01;0;0;Korea, Dem. Rep.;PRK
2013-01-01;0;46340;Korea, Rep.;KOR
2013-01-01;3277553;890;Kuwait;KWT
2013-01-01;0;0;Kyrgyzstan;KGZ
2013-01-01;0;0;Lao PR;LAO
2013-01-01;7173127;0;Latvia;LVA
2013-01-01;1764164;66500;Lebanon;LBN
2013-01-01;3765150;0;Lesotho;LSO
2013-01-01;0;0;Liberia;LBR
2013-01-01;5975478;0;Libya;LBY
2013-01-01;2439669;0;Lithuania;LTU
2013-01-01;6742689;0;Luxembourg;LUX
2013-01-01;20005;0;Macedonia;MKD
2013-01-01;0;0;Madagascar;MDG
2013-01-01;0;0;Malawi;MWI
2013-01-01;13471131;44700;Malaysia;MYS
2013-01-01;0;0;Maldives;MDV
2013-01-01;10564428;0;Mali;MLI
2013-01-01;15606;0;Malta;MLT
2013-01-01;0;0;Mauritania;MRT
2013-01-01;16972;0;Mauritius;MUS
2013-01-01;3974784;0;Mexico;MEX
2013-01-01;521864;0;Moldova;MDA
2013-01-01;42751;0;Mongolia;MNG
2013-01-01;0;0;Montenegro;MNE
2013-01-01;6348243;0;Morocco;MAR
2013-01-01;770374;0;Mozambique;MOZ
2013-01-01;0;0;Myanmar;MMR
2013-01-01;728411;0;Namibia;NAM
2013-01-01;0;0;Nepal;NPL
2013-01-01;95116216;0;Netherlands;NLD
2013-01-01;1467372;0;New Zealand;NZL
2013-01-01;1640000;0;Nicaragua;NIC
2013-01-01;0;0;Niger;NER
2013-01-01;2482769;0;Nigeria;NGA
2013-01-01;79435998;0;Norway;NOR
2013-01-01;24563658;5015735;Oman;OMN
2013-01-01;46666107;20109601;Pakistan;PAK
2013-01-01;0;0;Panama;PAN
2013-01-01;0;0;Papua New Guinea;PNG
2013-01-01;32590;0;Paraguay;PRY
2013-01-01;12227093;4474000;Peru;PER
2013-01-01;471378;0;Philippines;PHL
2013-01-01;42800602;0;Poland;POL
2013-01-01;7732350;0;Portugal;PRT
2013-01-01;0;0;Puerto Rico;PRI
2013-01-01;673377690;0;Qatar;QAT
2013-01-01;660115;0;Romania;ROU
2013-01-01;38242715;0;Russian Federation;RUS
2013-01-01;0;0;Rwanda;RWA
2013-01-01;361024681;46452100;Saudi Arabia;SAU
2013-01-01;179000;0;Senegal;SEN
2013-01-01;228461;10300;Serbia;SRB
2013-01-01;37540;0;Seychelles;SYC
2013-01-01;47800;0;Sierra Leone;SLE
2013-01-01;205997631;52547964;Singapore;SGP
2013-01-01;327114;0;Slovakia;SVK
2013-01-01;91256;0;Slovenia;SVN
2013-01-01;722478;0;Somalia;SOM
2013-01-01;14088327;768750;South Africa;ZAF
2013-01-01;120707255;0;Spain;ESP
2013-01-01;9843;0;Sri Lanka;LKA
2013-01-01;586071;0;Sudan;SDN
2013-01-01;0;0;Suriname;SUR
2013-01-01;0;0;Swaziland;SWZ
2013-01-01;91336087;0;Sweden;SWE
2013-01-01;105167896;0;Switzerland;CHE
2013-01-01;4558916;0;Syrian Arab Republic;SYR
2013-01-01;14982725;0;Taiwan;TWN
2013-01-01;575000;0;Tajikistan;TJK
2013-01-01;209151;0;Tanzania;TZA
2013-01-01;32497937;800000;Thailand;THA
2013-01-01;262800;0;Togo;TGO
2013-01-01;0;0;Trinidad and Tobago;TTO
2013-01-01;362985;0;Tunisia;TUN
2013-01-01;84095484;0;Turkey;TUR
2013-01-01;39317453;0;Turkmenistan;TKM
2013-01-01;195000;0;Uganda;UGA
2013-01-01;4819412;0;Ukraine;UKR
2013-01-01;128650220;1448524;United Arab Emirates;ARE
2013-01-01;257826013;0;United Kingdom;GBR
2013-01-01;610685905;0;United States;USA
2013-01-01;45024;0;Uruguay;URY
2013-01-01;0;0;Uzbekistan;UZB
2013-01-01;194846;0;Venezuela;VEN
2013-01-01;2589347;0;Viet Nam;VNM
2013-01-01;446077;0;Yemen;YEM
2013-01-01;118376;0;Zambia;ZMB
2013-01-01;0;0;Zimbabwe;ZWE
